player_name,team,position,adp,ecr_rank,bye_week,player_id,games,fantasy_points,fantasy_points_ppr,carries,rushing_yards,rushing_tds,targets,receptions,receiving_yards,receiving_tds,completions,attempts,passing_yards,passing_tds,interceptions,snap_pct,value_score,ppg,volume,snap_share,efficiency,position_rank,adp_position_rank,value_gap
Houston Texans,HOU,DEF,153.71,157,8.0,,,,,,,,,,,,,,,,,,1.658184584563769,,,,,1,1,0
Denver Broncos,DEN,DEF,163.2,166,10.0,,,,,,,,,,,,,,,,,,1.4631811013742386,,,,,2,2,0
Los Angeles Rams,LAR,DEF,167.24,169,11.0,,,,,,,,,,,,,,,,,,1.380165919911045,,,,,3,3,0
Seattle Seahawks,SEA,DEF,167.45,170,11.0,,,,,,,,,,,,,,,,,,1.3758507743399389,,,,,4,4,0
Philadelphia Eagles,PHI,DEF,174.93,174,10.0,,,,,,,,,,,,,,,,,,1.2221493987595706,,,,,5,5,0
New England Patriots,NE,DEF,185.09,185,11.0,,,,,,,,,,,,,,,,,,1.0133785463669855,,,,,6,6,0
Minnesota Vikings,MIN,DEF,185.86,186,6.0,,,,,,,,,,,,,,,,,,0.9975563459395945,,,,,7,7,0
Pittsburgh Steelers,PIT,DEF,187.28,183,9.0,,,,,,,,,,,,,,,,,,0.968377742554017,,,,,8,8,0
Jacksonville Jaguars,JAC,DEF,190.1,188,7.0,,,,,,,,,,,,,,,,,,0.9104315020277287,,,,,9,9,0
Los Angeles Chargers,LAC,DEF,192.58,191,7.0,,,,,,,,,,,,,,,,,,0.8594716876641839,,,,,10,10,0
Baltimore Ravens,BAL,DEF,199.56,202,13.0,,,,,,,,,,,,,,,,,,0.7160444682054987,,,,,11,11,0
Green Bay Packers,GB,DEF,203.69,215,11.0,,,,,,,,,,,,,,,,,,0.6311799386404027,,,,,12,12,0
Kansas City Chiefs,KC,DEF,210.61,210,5.0,,,,,,,,,,,,,,,,,,0.4889856179163188,,,,,13,13,0
Detroit Lions,DET,DEF,221.05,232,6.0,,,,,,,,,,,,,,,,,,0.27446123809559164,,,,,14,14,0
Cleveland Browns,CLE,DEF,223.49,237,11.0,,,,,,,,,,,,,,,,,,0.22432335622178184,,,,,15,15,0
Buffalo Bills,BUF,DEF,226.78,235,7.0,,,,,,,,,,,,,,,,,,0.15671940894111222,,,,,16,16,0
Dallas Cowboys,DAL,DEF,249.23,325,14.0,,,,,,,,,,,,,,,,,,-0.30459020092242456,,,,,17,17,0
Tennessee Titans,TEN,DEF,254.1,379,9.0,,,,,,,,,,,,,,,,,,-0.4046604815476106,,,,,18,18,0
San Francisco 49ers,SF,DEF,257.65,286,8.0,,,,,,,,,,,,,,,,,,-0.4776069900115549,,,,,19,19,0
Chicago Bears,CHI,DEF,259.38,319,10.0,,,,,,,,,,,,,,,,,,-0.5131555701925761,,,,,20,20,0
Cincinnati Bengals,CIN,DEF,263.46,370,6.0,,,,,,,,,,,,,,,,,,-0.5969926841455037,,,,,21,21,0
New Orleans Saints,NO,DEF,265.6,290,8.0,,,,,,,,,,,,,,,,,,-0.640966072346305,,,,,22,22,0
Tampa Bay Buccaneers,TB,DEF,268.41,362,10.0,,,,,,,,,,,,,,,,,,-0.6987068297501597,,,,,23,23,0
Atlanta Falcons,ATL,DEF,269.77,291,11.0,,,,,,,,,,,,,,,,,,-0.7266525344011349,,,,,24,24,0
New York Giants,NYG,DEF,270.7,352,8.0,,,,,,,,,,,,,,,,,,-0.7457624647874641,,,,,25,25,0
Indianapolis Colts,IND,DEF,275.79,310,13.0,,,,,,,,,,,,,,,,,,-0.8503533741061909,,,,,26,26,0
Carolina Panthers,CAR,DEF,282.18,351,5.0,,,,,,,,,,,,,,,,,,-0.981657089341291,,,,,27,27,0
Las Vegas Raiders,LV,DEF,288.2,422,13.0,,,,,,,,,,,,,,,,,,-1.105357929046346,,,,,28,28,0
Washington Commanders,WAS,DEF,300.2,426,7.0,,,,,,,,,,,,,,,,,,-1.351937675966722,,,,,29,29,0
Arizona Cardinals,ARI,DEF,309.33,457,14.0,,,,,,,,,,,,,,,,,,-1.5395437667486416,,,,,30,30,0
Miami Dolphins,MIA,DEF,314.2,399,6.0,,,,,,,,,,,,,,,,,,-1.6396140473738277,,,,,31,31,0
New York Jets,NYJ,DEF,320.2,433,13.0,,,,,,,,,,,,,,,,,,-1.7629039208340156,,,,,32,32,0
Brandon Aubrey,DAL,K,185.86,181,14.0,,,,,,,,,,,,,,,,,,1.5933329423569067,,,,,1,1,0
Ka'imi Fairbairn,HOU,K,192.4,196,8.0,,,,,,,,,,,,,,,,,,1.439860133894963,,,,,2,2,0
Cameron Dicker,LAC,K,195.54,195,7.0,,,,,,,,,,,,,,,,,,1.3661744124010027,,,,,3,3,0
Cam Little,JAC,K,198.52,198,7.0,,,,,,,,,,,,,,,,,,1.2962433773525934,,,,,4,4,0
Jason Myers,SEA,K,200.21,203,11.0,,,,,,,,,,,,,,,,,,1.256584501771449,,,,,5,5,0
Eddy Pineiro,SF,K,208.7,211,8.0,,,,,,,,,,,,,,,,,,1.057351452254339,,,,,6,6,0
Tyler Loop,BAL,K,209.49,207,13.0,,,,,,,,,,,,,,,,,,1.0388126879294248,,,,,7,7,0
Evan McPherson,CIN,K,216.0,227,6.0,,,,,,,,,,,,,,,,,,0.8860438831760222,,,,,8,8,0
Cairo Santos,CHI,K,216.53,220,10.0,,,,,,,,,,,,,,,,,,0.8736064843251308,,,,,9,9,0
Jake Bates,DET,K,221.69,219,6.0,,,,,,,,,,,,,,,,,,0.7525178464560742,,,,,10,10,0
Andy Borregales,NE,K,224.32,229,11.0,,,,,,,,,,,,,,,,,,0.690800188007311,,,,,11,11,0
Chase McLaughlin,TB,K,226.0,231,10.0,,,,,,,,,,,,,,,,,,0.6513759803290134,,,,,12,12,0
Harrison Mevis,LAR,K,226.02,225,11.0,,,,,,,,,,,,,,,,,,0.6509066445233191,,,,,13,13,0
Chris Boswell,PIT,K,240.31,245,9.0,,,,,,,,,,,,,,,,,,0.31556621135494367,,,,,14,14,0
Harrison Butker,KC,K,243.42,247,5.0,,,,,,,,,,,,,,,,,,0.24258449356952427,,,,,15,15,0
Drew Stevens,WAS,K,251.5,452,7.0,,,,,,,,,,,,,,,,,,0.05297282806914081,,,,,16,16,0
Blake Grupe,IND,K,255.63,392,13.0,,,,,,,,,,,,,,,,,,-0.04394501580667374,,,,,17,17,0
Will Reichard,MIN,K,256.19,275,6.0,,,,,,,,,,,,,,,,,,-0.05708641836610629,,,,,18,18,0
Wil Lutz,DEN,K,266.94,268,10.0,,,,,,,,,,,,,,,,,,-0.3093544139266408,,,,,19,19,0
Trey Smack,GB,K,267.6,384,11.0,,,,,,,,,,,,,,,,,,-0.32484249551454397,,,,,20,20,0
Jake Moody,FA,K,268.8,418,,,,,,,,,,,,,,,,,,,-0.3530026438561848,,,,,21,21,0
Nick Folk,ATL,K,270.8,388,11.0,,,,,,,,,,,,,,,,,,-0.3999362244255866,,,,,22,22,0
Spencer Shrader,IND,K,274.25,427,13.0,,,,,,,,,,,,,,,,,,-0.4808966509078043,,,,,23,23,0
Charlie Smyth,NO,K,282.63,312,8.0,,,,,,,,,,,,,,,,,,-0.6775483534935977,,,,,24,24,0
Daniel Carlson,LV,K,287.14,408,13.0,,,,,,,,,,,,,,,,,,-0.7833835776775985,,,,,25,25,0
Tyler Bass,BUF,K,288.9,358,7.0,,,,,,,,,,,,,,,,,,-0.8246851285786718,,,,,26,26,0
Jake Elliott,PHI,K,290.22,354,10.0,,,,,,,,,,,,,,,,,,-0.8556612917544781,,,,,27,27,0
Chad Ryland,ARI,K,290.86,410,14.0,,,,,,,,,,,,,,,,,,-0.8706800375366863,,,,,28,28,0
Zane Gonzalez,FA,K,291.71,367,,,,,,,,,,,,,,,,,,,-0.8906268092786813,,,,,29,29,0
Ryan Fitzgerald,CAR,K,291.86,411,5.0,,,,,,,,,,,,,,,,,,-0.8941468278213872,,,,,30,30,0
Brandon McManus,FA,K,292.0,424,,,,,,,,,,,,,,,,,,,-0.897432178461245,,,,,31,31,0
Joey Slye,TEN,K,303.0,407,9.0,,,,,,,,,,,,,,,,,,-1.1555668715929548,,,,,32,32,0
Ben Sauls,NYG,K,311.71,417,8.0,,,,,,,,,,,,,,,,,,-1.359962614972699,,,,,33,33,0
Jason Sanders,NYJ,K,381.0,510,13.0,,,,,,,,,,,,,,,,,,-2.9859765137996237,,,,,34,34,0
Lamar Jackson,BAL,QB,33.42,31,13.0,00-0034796,17.0,430.38000000000005,430.38000000000005,139.0,915.0,4.0,0.0,0.0,0.0,0.0,316.0,474.0,4172.0,41.0,4.0,0.9689473684210528,1.4363095315803622,25.316470588235298,27.88235294117647,0.9689473684210528,0.9079746835443039,1,2,1
Joe Burrow,CIN,QB,46.34,46,6.0,00-0036442,17.0,372.82,372.82,42.0,201.0,2.0,0.0,0.0,0.0,0.0,460.0,652.0,4918.0,43.0,9.0,0.9952941176470588,1.2053290062928763,21.930588235294117,38.35294117647059,0.9952941176470588,0.5718098159509203,2,4,2
Josh Allen,BUF,QB,25.89,26,7.0,00-0034857,16.0,372.34,372.34,102.0,531.0,12.0,0.0,0.0,0.0,0.0,307.0,483.0,3731.0,28.0,6.0,0.9035,1.1374003425691799,23.27125,30.1875,0.9035,0.7708902691511387,3,1,-2
Baker Mayfield,TB,QB,117.88,117,10.0,00-0034855,17.0,365.8,365.8,60.0,378.0,3.0,0.0,0.0,0.0,0.0,407.0,570.0,4500.0,41.0,16.0,0.9861111111111112,1.0532632579245829,21.51764705882353,33.529411764705884,0.9861111111111112,0.6417543859649123,4,18,14
Jayden Daniels,WAS,QB,55.1,53,7.0,00-0039910,17.0,355.82,355.82,148.0,891.0,6.0,0.0,0.0,0.0,0.0,331.0,480.0,3568.0,25.0,9.0,0.92,0.8274884386216926,20.930588235294117,28.235294117647058,0.92,0.7412916666666667,5,5,0
Jalen Hurts,PHI,QB,57.88,59,10.0,00-0036389,15.0,315.12,315.12,150.0,630.0,14.0,0.0,0.0,0.0,0.0,248.0,361.0,2903.0,18.0,5.0,0.9252631578947368,0.7953442270562548,21.008,24.066666666666666,0.9252631578947368,0.8729085872576178,6,6,0
Jared Goff,DET,QB,106.7,105,6.0,00-0033106,17.0,323.46000000000004,324.46000000000004,35.0,56.0,0.0,1.0,1.0,7.0,1.0,390.0,539.0,4629.0,37.0,12.0,0.9705555555555556,0.6991372130617576,19.08588235294118,31.705882352941178,0.9705555555555556,0.6019666048237478,7,16,9
Bo Nix,DEN,QB,100.91,99,10.0,00-0039732,17.0,316.2,317.2,92.0,430.0,4.0,1.0,1.0,2.0,1.0,376.0,567.0,3775.0,29.0,12.0,0.9888888888888888,0.6942589019909656,18.658823529411762,33.35294117647059,0.9888888888888888,0.5594356261022927,8,14,6
Joe Milton III,DAL,QB,354.18,420,14.0,00-0039398,1.0,19.24,19.24,10.0,16.0,1.0,0.0,0.0,0.0,0.0,22.0,29.0,241.0,1.0,0.0,0.95,0.652457969961234,19.24,29.0,0.95,0.6634482758620689,9,47,38
Patrick Mahomes II,KC,QB,100.35,97,5.0,00-0033873,16.0,282.02,283.02,58.0,307.0,2.0,1.0,1.0,2.0,0.0,392.0,581.0,3928.0,26.0,11.0,0.9942105263157895,0.6376870703427823,17.68875,36.3125,0.9942105263157895,0.4871256454388984,10,13,3
Sam Darnold,SEA,QB,142.01,138,11.0,00-0034869,17.0,307.96,307.96,67.0,212.0,1.0,0.0,0.0,0.0,0.0,361.0,545.0,4319.0,35.0,12.0,0.9944444444444444,0.6071748057373246,18.115294117647057,32.05882352941177,0.9944444444444444,0.5650642201834862,11,22,11
Brock Purdy,SF,QB,96.21,90,8.0,00-0037834,15.0,266.86,266.86,66.0,323.0,5.0,0.0,0.0,0.0,0.0,300.0,455.0,3864.0,20.0,12.0,0.9893333333333332,0.5296704677103875,17.790666666666667,30.333333333333332,0.9893333333333332,0.5865054945054945,12,11,-1
Kyler Murray,MIN,QB,112.64,112,6.0,00-0035228,17.0,297.24,297.24,78.0,572.0,5.0,0.0,0.0,0.0,0.0,372.0,541.0,3851.0,21.0,11.0,0.9711764705882354,0.4997226505872575,17.48470588235294,31.823529411764707,0.9711764705882354,0.5494269870609981,13,17,4
Tua Tagovailoa,ATL,QB,268.65,258,11.0,00-0036212,11.0,181.58,181.58,17.0,49.0,0.0,0.0,0.0,0.0,0.0,291.0,399.0,2867.0,19.0,7.0,0.9718181818181818,0.46755702419608564,16.507272727272728,36.27272727272727,0.9718181818181818,0.45508771929824565,14,31,17
Justin Herbert,LAC,QB,71.22,69,7.0,00-0036355,17.0,285.40000000000003,285.40000000000003,69.0,306.0,2.0,0.0,0.0,0.0,0.0,332.0,504.0,3870.0,23.0,3.0,0.9783333333333332,0.37882333729794365,16.788235294117648,29.647058823529413,0.9783333333333332,0.5662698412698414,15,8,-7
Geno Smith,NYJ,QB,227.82,217,13.0,00-0030565,17.0,266.0,266.0,53.0,272.0,2.0,0.0,0.0,0.0,0.0,407.0,578.0,4320.0,21.0,15.0,0.9747058823529412,0.3154122110039671,15.647058823529411,34.0,0.9747058823529412,0.4602076124567474,16,29,13
Aaron Rodgers,PIT,QB,220.92,213,9.0,00-0023459,17.0,256.58,256.58,22.0,107.0,0.0,0.0,0.0,0.0,0.0,368.0,584.0,3897.0,28.0,11.0,0.963529411764706,0.24222469697835436,15.092941176470587,34.35294117647059,0.963529411764706,0.4393493150684931,17,28,11
Caleb Williams,CHI,QB,66.86,65,10.0,00-0039918,17.0,254.54,254.54,81.0,489.0,0.0,0.0,0.0,0.0,0.0,351.0,562.0,3541.0,20.0,6.0,0.9876470588235292,0.224446020431628,14.972941176470588,33.05882352941177,0.9876470588235292,0.45291814946619213,18,7,-11
Dak Prescott,DAL,QB,79.64,79,14.0,00-0033077,8.0,116.52,116.52,13.0,54.0,1.0,0.0,0.0,0.0,0.0,185.0,286.0,1978.0,11.0,8.0,0.91125,0.1537404603450348,14.565,35.75,0.91125,0.4074125874125874,19,10,-9
Jordan Love,GB,QB,119.49,119,11.0,00-0036264,15.0,233.86,233.86,25.0,83.0,1.0,0.0,0.0,0.0,0.0,268.0,425.0,3389.0,25.0,11.0,0.9225,0.14604973359766593,15.590666666666667,28.333333333333332,0.9225,0.5502588235294118,20,19,-1
Daniel Jones,IND,QB,154.53,146,13.0,00-0035710,10.0,135.3,135.3,67.0,265.0,2.0,0.0,0.0,0.0,0.0,216.0,341.0,2070.0,8.0,7.0,0.979,0.056958698857175125,13.530000000000001,34.1,0.979,0.3967741935483871,21,24,3
Joe Flacco,CIN,QB,346.4,389,6.0,00-0026158,7.0,99.04,99.04,9.0,26.0,0.0,0.0,0.0,0.0,0.0,162.0,248.0,1761.0,12.0,7.0,0.8525,0.035541246202839896,14.14857142857143,35.42857142857143,0.8525,0.3993548387096774,22,42,20
Matthew Stafford,LAR,QB,104.43,103,11.0,00-0026498,16.0,214.58,214.58,30.0,41.0,0.0,0.0,0.0,0.0,0.0,340.0,517.0,3762.0,20.0,8.0,1.0,0.024852281790959913,13.41125,32.3125,1.0,0.41504835589941974,23,15,-8
Trevor Lawrence,JAC,QB,77.83,75,7.0,00-0036971,10.0,145.7,145.7,26.0,119.0,3.0,0.0,0.0,0.0,0.0,172.0,284.0,2045.0,11.0,7.0,0.902,-0.004420792101155251,14.569999999999999,28.4,0.902,0.5130281690140844,24,9,-15
Anthony Richardson Sr.,IND,QB,344.63,375,13.0,00-0039164,11.0,162.36,163.36,86.0,499.0,6.0,1.0,1.0,-1.0,0.0,126.0,264.0,1814.0,8.0,12.0,0.9254545454545454,-0.016457757545280234,14.850909090909092,24.0,0.9254545454545454,0.6187878787878789,25,40,15
Kirk Cousins,LV,QB,290.46,285,13.0,00-0029604,14.0,176.32,176.32,23.0,0.0,0.0,0.0,0.0,0.0,0.0,303.0,453.0,3508.0,18.0,16.0,0.9771428571428572,-0.1001902962797616,12.594285714285714,32.357142857142854,0.9771428571428572,0.3892273730684327,26,33,7
C.J. Stroud,HOU,QB,143.3,139,8.0,00-0039163,17.0,220.38,220.38,52.0,233.0,0.0,1.0,0.0,0.0,0.0,336.0,532.0,3727.0,20.0,12.0,0.9378947368421052,-0.11580848938363714,12.963529411764705,31.294117647058822,0.9378947368421052,0.41424812030075187,27,23,-4
Bryce Young,CAR,QB,168.94,156,5.0,00-0039150,14.0,195.02,195.02,43.0,249.0,6.0,0.0,0.0,0.0,0.0,234.0,384.0,2403.0,15.0,9.0,0.8671428571428572,-0.13961818286191585,13.930000000000001,27.428571428571427,0.8671428571428572,0.5078645833333334,28,26,-2
Drake Maye,NE,QB,38.76,38,11.0,00-0039851,13.0,177.14,177.14,54.0,421.0,2.0,0.0,0.0,0.0,0.0,225.0,338.0,2276.0,15.0,10.0,0.8046153846153847,-0.2673049301076991,13.626153846153844,26.0,0.8046153846153847,0.5240828402366864,29,3,-26
Mason Rudolph,PIT,QB,358.0,508,9.0,00-0034771,8.0,95.8,95.8,25.0,106.0,1.0,0.0,0.0,0.0,0.0,146.0,228.0,1530.0,9.0,9.0,0.8475,-0.39036433592206443,11.975,28.5,0.8475,0.4201754385964912,30,50,20
Deshaun Watson,CLE,QB,293.53,288,11.0,00-0033537,7.0,76.72,76.72,31.0,148.0,1.0,0.0,0.0,0.0,0.0,137.0,216.0,1148.0,5.0,3.0,0.8885714285714286,-0.42871575927918104,10.959999999999999,30.857142857142858,0.8885714285714286,0.35518518518518516,31,34,3
Gardner Minshew II,ARI,QB,356.33,492,14.0,00-0035289,10.0,96.32,96.32,19.0,58.0,0.0,0.0,0.0,0.0,0.0,203.0,306.0,2013.0,9.0,10.0,0.865,-0.6266822651932021,9.632,30.6,0.865,0.31477124183006533,32,49,17
Marcus Mariota,WAS,QB,354.13,404,7.0,00-0032268,3.0,45.760000000000005,45.760000000000005,18.0,92.0,1.0,0.0,0.0,0.0,0.0,34.0,44.0,364.0,4.0,0.0,0.2683333333333333,-0.670288102811115,15.253333333333336,14.666666666666666,0.2683333333333333,1.04,33,46,13
Jameis Winston,NYG,QB,349.59,395,8.0,00-0031503,11.0,131.14,131.14,25.0,83.0,1.0,0.0,0.0,0.0,0.0,181.0,296.0,2121.0,13.0,12.0,0.585,-0.6935302670840637,11.92181818181818,26.90909090909091,0.585,0.4430405405405405,34,43,9
Mac Jones,SF,QB,334.85,345,8.0,00-0036972,10.0,96.08,96.08,28.0,92.0,1.0,0.0,0.0,0.0,0.0,171.0,262.0,1672.0,8.0,8.0,0.798,-0.7924696702356241,9.608,26.2,0.798,0.3667175572519084,35,38,3
Justin Fields,KC,QB,342.77,360,5.0,00-0036945,10.0,119.14,119.14,62.0,289.0,5.0,0.0,0.0,0.0,0.0,106.0,161.0,1106.0,5.0,1.0,0.5636363636363636,-0.8589870704831848,11.914,16.1,0.5636363636363636,0.74,36,39,3
Michael Penix Jr.,ATL,QB,289.71,281,11.0,00-0039917,5.0,44.1,44.1,7.0,11.0,1.0,0.0,0.0,0.0,0.0,61.0,105.0,775.0,3.0,3.0,0.664,-1.1311201278314233,8.82,21.0,0.664,0.42000000000000004,37,32,-5
Tyrod Taylor,GB,QB,375.0,513,11.0,00-0028118,2.0,20.06,20.06,3.0,13.0,0.0,0.0,0.0,0.0,0.0,17.0,22.0,119.0,3.0,0.0,0.31,-1.371217152051997,10.03,11.0,0.31,0.9118181818181817,38,52,14
Jacoby Brissett,ARI,QB,192.72,176,14.0,00-0033119,7.0,45.24,45.24,15.0,62.0,0.0,0.0,0.0,0.0,0.0,95.0,161.0,826.0,2.0,1.0,0.69875,-1.372556538159449,6.4628571428571435,23.0,0.69875,0.2809937888198758,39,27,-12
Malik Willis,MIA,QB,133.2,131,6.0,00-0038128,6.0,51.8,51.8,20.0,138.0,1.0,0.0,0.0,0.0,0.0,40.0,54.0,550.0,3.0,0.0,0.4642857142857143,-1.3985510863032025,8.633333333333333,9.0,0.4642857142857143,0.9592592592592593,40,21,-19
Trey Lance,LAC,QB,382.0,511,7.0,00-0037012,4.0,12.74,12.74,11.0,41.0,0.0,0.0,0.0,0.0,0.0,25.0,41.0,266.0,0.0,1.0,0.3325,-2.442566770504355,3.185,10.25,0.3325,0.31073170731707317,41,53,12
Jaxson Dart,NYG,QB,97.77,92,8.0,,,,,,,,,,,,,,,,,,-2.4525667705043546,,,,,42,12,-30
Tyler Shough,NO,QB,123.68,124,8.0,,,,,,,,,,,,,,,,,,-2.462566770504355,,,,,43,20,-23
Cam Ward,TEN,QB,157.34,150,9.0,,,,,,,,,,,,,,,,,,-2.4725667705043546,,,,,44,25,-19
Fernando Mendoza,LV,QB,259.14,246,13.0,,,,,,,,,,,,,,,,,,-2.482566770504355,,,,,45,30,-15
Shedeur Sanders,CLE,QB,298.81,292,11.0,,,,,,,,,,,,,,,,,,-2.4925667705043546,,,,,46,35,-11
Carson Beck,ARI,QB,321.48,335,14.0,,,,,,,,,,,,,,,,,,-2.502566770504355,,,,,47,36,-11
J.J. McCarthy,MIN,QB,323.27,328,6.0,,,,,,,,,,,,,,,,,,-2.5125667705043546,,,,,48,37,-11
Ty Simpson,LAR,QB,346.13,366,11.0,,,,,,,,,,,,,,,,,,-2.522566770504355,,,,,49,41,-8
Quinn Ewers,MIA,QB,351.75,467,6.0,,,,,,,,,,,,,,,,,,-2.5325667705043546,,,,,50,44,-6
Cade Klubnik,NYJ,QB,352.4,421,13.0,,,,,,,,,,,,,,,,,,-2.542566770504355,,,,,51,45,-6
Riley Leonard,IND,QB,356.29,442,13.0,,,,,,,,,,,,,,,,,,-2.5525667705043547,,,,,52,48,-4
Jalen Milroe,SEA,QB,367.67,502,11.0,,,,,,,,,,,,,,,,,,-2.562566770504355,,,,,53,51,-2
Saquon Barkley,PHI,RB,25.12,25,10.0,00-0034844,16.0,322.3,355.3,345.0,2005.0,13.0,43.0,33.0,278.0,2.0,0.0,0.0,0.0,0.0,0.0,0.751,1.9334841411511638,22.20625,24.25,0.751,0.9157216494845362,1,9,8
Bijan Robinson,ATL,RB,3.81,4,11.0,00-0038542,17.0,280.7,341.7,304.0,1456.0,14.0,72.0,61.0,431.0,1.0,0.0,0.0,0.0,0.0,0.0,0.7535294117647059,1.6836585836448652,20.099999999999998,22.11764705882353,0.7535294117647059,0.9087765957446808,2,2,0
Alvin Kamara,NO,RB,154.91,148,8.0,00-0033906,14.0,197.3,265.3,228.0,950.0,6.0,89.0,68.0,543.0,2.0,0.0,0.0,0.0,0.0,0.0,0.7085714285714285,1.539626958084048,18.95,22.642857142857142,0.7085714285714285,0.8369085173501578,3,50,47
Jonathan Taylor,IND,RB,12.73,11,13.0,00-0036223,14.0,228.7,246.7,303.0,1431.0,11.0,31.0,18.0,136.0,1.0,0.0,0.0,0.0,0.0,0.0,0.8028571428571428,1.5231851759510822,17.62142857142857,23.857142857142858,0.8028571428571428,0.7386227544910179,4,4,0
Jahmyr Gibbs,DET,RB,2.89,2,6.0,00-0039139,17.0,302.9,354.9,250.0,1412.0,16.0,63.0,52.0,497.0,3.0,0.0,0.0,0.0,0.0,0.0,0.5638888888888889,1.5187718100486172,20.876470588235293,18.41176470588235,0.5638888888888889,1.1338658146964855,5,1,-4
Kyren Williams,LAR,RB,42.41,42,11.0,00-0037840,16.0,238.1,272.1,316.0,1299.0,14.0,40.0,34.0,182.0,2.0,0.0,0.0,0.0,0.0,0.0,0.8716666666666666,1.4895192081392221,17.00625,22.25,0.8716666666666666,0.7643258426966293,6,15,9
Derrick Henry,BAL,RB,38.04,36,13.0,00-0032764,17.0,317.40000000000003,336.40000000000003,325.0,1921.0,16.0,22.0,19.0,193.0,2.0,0.0,0.0,0.0,0.0,0.0,0.5768421052631578,1.4557941075646383,19.788235294117648,20.41176470588235,0.5768421052631578,0.9694524495677235,7,12,5
Chuba Hubbard,CAR,RB,96.78,91,5.0,00-0036555,15.0,198.6,241.6,250.0,1195.0,10.0,54.0,43.0,171.0,1.0,0.0,0.0,0.0,0.0,0.0,0.7733333333333333,1.2662357433698082,16.106666666666666,20.266666666666666,0.7733333333333333,0.7947368421052632,8,32,24
Josh Jacobs,GB,RB,44.89,43,11.0,00-0035700,17.0,257.1,293.1,301.0,1329.0,15.0,43.0,36.0,342.0,1.0,0.0,0.0,0.0,0.0,0.0,0.6333333333333333,1.2498385575673991,17.241176470588236,20.235294117647058,0.6333333333333333,0.8520348837209303,9,16,7
Joe Mixon,FA,RB,306.23,331,,00-0033897,14.0,204.5,240.5,245.0,1016.0,11.0,52.0,36.0,309.0,1.0,0.0,1.0,0.0,0.0,0.0,0.6175,1.24939539576876,17.178571428571427,21.214285714285715,0.6175,0.8097643097643098,10,102,92
De'Von Achane,MIA,RB,22.16,22,6.0,00-0039040,17.0,221.9,299.9,203.0,907.0,6.0,87.0,78.0,592.0,6.0,0.0,0.0,0.0,0.0,0.0,0.6241176470588234,1.2240534390546614,17.641176470588235,17.058823529411764,0.6241176470588234,1.0341379310344827,11,8,-3
Kenneth Walker III,KC,RB,28.39,28,5.0,00-0038134,11.0,135.20000000000002,181.2,153.0,573.0,7.0,53.0,46.0,299.0,1.0,0.0,0.0,0.0,0.0,0.0,0.6327272727272727,1.1422727996480633,16.472727272727273,18.727272727272727,0.6327272727272727,0.8796116504854369,12,11,-1
Chase Brown,CIN,RB,18.02,16,6.0,00-0038597,16.0,201.0,255.0,229.0,990.0,7.0,65.0,54.0,360.0,4.0,0.0,0.0,0.0,0.0,0.0,0.6275000000000001,1.076582778843312,15.9375,18.375,0.6275000000000001,0.8673469387755102,13,7,-6
Breece Hall,NYJ,RB,40.76,41,13.0,00-0038120,16.0,183.9,240.9,209.0,876.0,5.0,76.0,57.0,483.0,3.0,0.0,0.0,0.0,0.0,0.0,0.72375,1.065264935024107,15.05625,17.8125,0.72375,0.8452631578947368,14,14,0
James Conner,ARI,RB,200.67,200,14.0,00-0033553,16.0,206.8,253.8,236.0,1094.0,8.0,55.0,47.0,414.0,1.0,0.0,0.0,0.0,0.0,0.0,0.60625,1.0458157672826736,15.8625,18.1875,0.60625,0.8721649484536083,15,60,45
James Cook III,BUF,RB,17.76,15,7.0,00-0037248,16.0,234.7,266.7,207.0,1009.0,16.0,38.0,32.0,258.0,2.0,0.0,0.0,0.0,0.0,0.0,0.4763157894736842,0.9622617496981255,16.66875,15.3125,0.4763157894736842,1.0885714285714285,16,6,-10
J.K. Dobbins,DEN,RB,102.55,101,10.0,00-0036158,13.0,159.8,191.8,195.0,905.0,9.0,38.0,32.0,153.0,0.0,0.0,0.0,0.0,0.0,0.0,0.6321428571428571,0.952079837055066,14.753846153846155,17.923076923076923,0.6321428571428571,0.8231759656652361,17,35,18
Aaron Jones Sr.,MIN,RB,114.02,115,6.0,00-0033293,17.0,190.6,241.6,255.0,1138.0,5.0,62.0,51.0,408.0,2.0,0.0,0.0,0.0,0.0,0.0,0.6372222222222222,0.9163090779673421,14.211764705882352,18.647058823529413,0.6372222222222222,0.7621451104100946,18,39,21
David Montgomery,HOU,RB,61.31,61,8.0,00-0035685,14.0,185.72,221.72,185.0,775.0,12.0,38.0,36.0,341.0,0.0,1.0,1.0,3.0,1.0,0.0,0.4073333333333334,0.8209667668521335,15.837142857142856,15.928571428571429,0.4073333333333334,0.9942600896860987,19,22,3
Tony Pollard,TEN,RB,83.01,82,9.0,00-0035261,16.0,159.70000000000002,200.7,260.0,1079.0,5.0,57.0,41.0,238.0,0.0,0.0,0.0,0.0,0.0,0.0,0.678125,0.8115546012474938,12.54375,19.8125,0.678125,0.6331230283911672,20,29,9
D'Andre Swift,CHI,RB,57.39,57,10.0,00-0036275,17.0,172.5,214.5,253.0,959.0,6.0,52.0,42.0,386.0,0.0,0.0,0.0,0.0,0.0,0.0,0.668235294117647,0.7686185754756065,12.617647058823529,17.941176470588236,0.668235294117647,0.7032786885245902,21,20,-1
Christian McCaffrey,SF,RB,10.21,9,8.0,00-0033280,4.0,32.800000000000004,47.8,50.0,202.0,0.0,19.0,15.0,146.0,0.0,0.0,0.0,0.0,0.0,0.0,0.7224999999999999,0.7361693234371218,11.95,17.25,0.7224999999999999,0.6927536231884057,22,3,-19
Bucky Irving,TB,RB,59.16,60,10.0,00-0039361,17.0,197.4,244.4,207.0,1122.0,8.0,52.0,47.0,392.0,0.0,0.0,0.0,0.0,0.0,0.0,0.4577777777777778,0.7053702369567085,14.376470588235295,15.235294117647058,0.4577777777777778,0.9436293436293437,23,21,-2
Rachaad White,WAS,RB,108.92,109,7.0,00-0037256,15.0,148.6,199.6,144.0,613.0,3.0,57.0,51.0,393.0,6.0,0.0,0.0,0.0,0.0,0.0,0.5547058823529412,0.6568930804299169,13.306666666666667,13.4,0.5547058823529412,0.9930348258706467,24,36,12
Rico Dowdle,PIT,RB,87.34,87,9.0,00-0036139,16.0,158.8,197.8,235.0,1079.0,2.0,49.0,39.0,249.0,3.0,0.0,0.0,0.0,0.0,0.0,0.575,0.6525838722704921,12.3625,17.75,0.575,0.6964788732394367,25,30,5
Rhamondre Stevenson,NE,RB,79.97,80,11.0,00-0036875,15.0,142.9,175.9,207.0,801.0,7.0,41.0,33.0,168.0,1.0,0.0,0.0,0.0,0.0,0.0,0.6153333333333334,0.5996750951429964,11.726666666666667,16.533333333333335,0.6153333333333334,0.709274193548387,26,28,2
Michael Carter,TEN,RB,329.5,368,9.0,00-0036924,3.0,24.8,35.8,35.0,131.0,1.0,11.0,11.0,57.0,0.0,0.0,0.0,0.0,0.0,0.0,0.6166666666666667,0.599281939326888,11.933333333333332,15.333333333333334,0.6166666666666667,0.7782608695652173,27,120,93
Najee Harris,NYG,RB,271.52,289,8.0,00-0036893,17.0,168.60000000000002,204.6,263.0,1043.0,6.0,48.0,36.0,283.0,0.0,0.0,0.0,0.0,0.0,0.0,0.4977777777777778,0.5597701875339498,12.035294117647059,18.294117647058822,0.4977777777777778,0.6578778135048231,28,81,53
Kareem Hunt,FA,RB,315.37,330,,00-0033923,13.0,132.4,155.4,200.0,728.0,7.0,32.0,23.0,176.0,0.0,0.0,0.0,0.0,0.0,0.0,0.498125,0.5420954027052094,11.953846153846154,17.846153846153847,0.498125,0.6698275862068965,29,110,81
Brian Robinson Jr.,ATL,RB,173.48,164,11.0,00-0037746,14.0,139.8,159.8,187.0,799.0,8.0,25.0,20.0,159.0,0.0,0.0,0.0,0.0,0.0,0.0,0.5164705882352941,0.4492599236114828,11.414285714285715,15.142857142857142,0.5164705882352941,0.7537735849056604,30,54,24
Tyrone Tracy Jr.,NYG,RB,140.46,136,8.0,00-0039384,17.0,144.3,182.3,192.0,839.0,5.0,53.0,38.0,284.0,1.0,0.0,0.0,0.0,0.0,0.0,0.5735294117647058,0.41634158494143847,10.723529411764707,14.411764705882353,0.5735294117647058,0.7440816326530613,31,45,14
Austin Ekeler,FA,RB,349.07,403,,00-0033699,12.0,97.3,132.3,77.0,367.0,4.0,41.0,35.0,366.0,0.0,0.0,0.0,0.0,0.0,0.0,0.5166666666666667,0.3442287012309922,11.025,9.833333333333334,0.5166666666666667,1.1211864406779661,32,131,99
Zach Charbonnet,SEA,RB,147.82,140,11.0,00-0039165,17.0,141.70000000000002,183.7,135.0,569.0,8.0,52.0,42.0,308.0,1.0,0.0,0.0,0.0,0.0,0.0,0.5270588235294118,0.33545797413358514,10.805882352941175,11.0,0.5270588235294118,0.9823529411764705,33,47,14
Jordan Mason,MIN,RB,119.77,121,6.0,00-0037525,12.0,104.0,115.0,153.0,789.0,3.0,14.0,11.0,91.0,0.0,0.0,0.0,0.0,0.0,0.0,0.4866666666666666,0.2069503552703582,9.583333333333334,13.916666666666666,0.4866666666666666,0.688622754491018,34,41,7
Jerome Ford,WAS,RB,295.96,309,7.0,00-0037267,14.0,97.0,134.0,104.0,565.0,3.0,43.0,37.0,225.0,0.0,0.0,0.0,0.0,0.0,0.0,0.54,0.20587284926501984,9.571428571428571,10.5,0.54,0.9115646258503401,35,92,57
Javonte Williams,DAL,RB,45.18,44,14.0,00-0036997,17.0,105.9,157.9,139.0,513.0,4.0,70.0,52.0,346.0,0.0,0.0,0.0,0.0,0.0,0.0,0.5338888888888889,0.19138143422751114,9.288235294117648,12.294117647058824,0.5338888888888889,0.7555023923444977,36,17,-19
Travis Etienne Jr.,NO,RB,49.59,48,8.0,00-0036973,15.0,91.2,130.2,150.0,558.0,2.0,52.0,39.0,254.0,0.0,0.0,0.0,0.0,0.0,0.0,0.5393333333333333,0.15135416303226296,8.68,13.466666666666667,0.5393333333333333,0.6445544554455445,37,18,-19
Tyjae Spears,TEN,RB,140.82,137,9.0,00-0039032,12.0,83.60000000000001,113.6,84.0,312.0,4.0,35.0,30.0,224.0,1.0,0.0,0.0,0.0,0.0,0.0,0.4275,0.08575093236731268,9.466666666666667,9.916666666666666,0.4275,0.9546218487394957,38,46,8
Isiah Pacheco,DET,RB,159.88,152,6.0,00-0037197,7.0,44.900000000000006,56.900000000000006,83.0,310.0,1.0,16.0,12.0,79.0,0.0,0.0,0.0,0.0,0.0,0.0,0.434,0.009128785761859638,8.12857142857143,14.142857142857142,0.434,0.5747474747474748,39,52,13
Jaylen Warren,PIT,RB,76.17,73,9.0,00-0037228,15.0,86.10000000000001,124.1,120.0,511.0,1.0,47.0,38.0,310.0,0.0,0.0,0.0,0.0,0.0,0.0,0.455,-0.009392833403359056,8.273333333333333,11.133333333333333,0.455,0.7431137724550898,40,27,-13
Justice Hill,BAL,RB,236.61,240,13.0,00-0034975,15.0,85.10000000000001,127.1,47.0,228.0,1.0,51.0,42.0,383.0,3.0,0.0,0.0,0.0,0.0,0.0,0.4152941176470588,-0.030017713925784367,8.473333333333333,6.533333333333333,0.4152941176470588,1.296938775510204,41,68,27
Nick Chubb,FA,RB,330.71,386,,00-0034791,8.0,58.3,63.3,102.0,332.0,3.0,11.0,5.0,31.0,1.0,0.0,0.0,0.0,0.0,0.0,0.4125,-0.03387820480517605,7.9125,14.125,0.4125,0.5601769911504425,42,121,79
Tank Bigsby,PHI,RB,168.53,155,10.0,00-0038555,15.0,122.0,129.0,168.0,766.0,7.0,12.0,7.0,54.0,0.0,0.0,0.0,0.0,0.0,0.0,0.36125,-0.04718044151536511,8.6,12.0,0.36125,0.7166666666666667,43,53,10
Miles Sanders,FA,RB,352.67,479,,00-0035243,11.0,53.3,77.30000000000001,55.0,205.0,2.0,30.0,24.0,148.0,1.0,0.0,0.0,0.0,0.0,0.0,0.3336363636363636,-0.29371385346857465,7.027272727272728,7.7272727272727275,0.3336363636363636,0.9094117647058825,44,136,92
Devin Singletary,NYG,RB,293.33,295,8.0,00-0035250,15.0,75.60000000000001,96.6,113.0,437.0,4.0,24.0,21.0,119.0,0.0,0.0,0.0,0.0,0.0,0.0,0.3893333333333333,-0.30213733708557083,6.4399999999999995,9.133333333333333,0.3893333333333333,0.7051094890510948,45,91,46
Isaac Guerendo,SF,RB,301.12,311,8.0,00-0039363,13.0,81.2,96.2,84.0,420.0,4.0,16.0,15.0,152.0,0.0,0.0,0.0,0.0,0.0,0.0,0.229375,-0.34501159308321366,7.4,7.6923076923076925,0.229375,0.9620000000000001,46,95,49
Ray Davis,BUF,RB,195.41,180,7.0,00-0039875,16.0,99.1,116.1,113.0,442.0,3.0,19.0,17.0,189.0,3.0,0.0,0.0,0.0,0.0,0.0,0.2225,-0.3676575759771922,7.25625,8.25,0.2225,0.8795454545454545,47,56,9
Kyle Juszczyk,SF,RB,301.1,394,8.0,00-0029892,14.0,38.6,57.6,5.0,26.0,1.0,31.0,19.0,200.0,2.0,0.0,0.0,0.0,0.0,0.0,0.4947058823529411,-0.3833808095019938,4.114285714285715,2.5714285714285716,0.4947058823529411,1.6,48,94,46
Antonio Gibson,FA,RB,371.2,471,,00-0036328,17.0,80.4,103.4,120.0,538.0,1.0,29.0,23.0,206.0,0.0,0.0,0.0,0.0,0.0,0.0,0.3329411764705882,-0.3997561273407073,6.082352941176471,8.764705882352942,0.3329411764705882,0.6939597315436242,49,140,91
Roschon Johnson,CHI,RB,342.15,402,10.0,00-0039021,12.0,61.4,77.4,55.0,150.0,6.0,20.0,16.0,104.0,0.0,0.0,0.0,0.0,0.0,0.0,0.2814285714285714,-0.40694709712167954,6.45,6.25,0.2814285714285714,1.032,50,129,79
Jaleel McLaughlin,DEN,RB,301.97,317,10.0,00-0038794,16.0,73.2,97.2,113.0,496.0,1.0,27.0,24.0,76.0,2.0,0.0,0.0,0.0,0.0,0.0,0.2764705882352941,-0.45289310920000897,6.075,8.75,0.2764705882352941,0.6942857142857143,51,99,48
Tyler Allgeier,ARI,RB,140.02,135,14.0,00-0037263,17.0,93.2,106.2,137.0,644.0,3.0,13.0,13.0,88.0,0.0,0.0,0.0,0.0,0.0,0.0,0.2494117647058823,-0.4570376494940208,6.247058823529412,8.823529411764707,0.2494117647058823,0.7080000000000001,52,44,-8
Ty Johnson,BUF,RB,258.5,262,7.0,00-0035537,17.0,73.7,91.7,41.0,213.0,1.0,25.0,18.0,284.0,3.0,0.0,0.0,0.0,0.0,0.0,0.3045,-0.4601743838019895,5.394117647058824,3.8823529411764706,0.3045,1.3893939393939394,53,74,21
Tyler Goodson,ATL,RB,319.75,445,11.0,00-0037120,9.0,33.400000000000006,44.4,32.0,153.0,1.0,15.0,11.0,61.0,1.0,0.0,0.0,0.0,0.0,0.0,,-0.4645955901814223,4.933333333333334,5.222222222222222,,0.9446808510638297,54,112,58
Samaje Perine,CIN,RB,267.29,270,6.0,00-0033526,17.0,53.4,81.4,20.0,92.0,1.0,35.0,28.0,322.0,1.0,0.0,0.0,0.0,0.0,0.0,0.2575,-0.5534564692979899,4.788235294117648,3.235294117647059,0.2575,1.4800000000000002,55,80,25
Emanuel Wilson,SEA,RB,219.4,214,11.0,00-0038797,17.0,85.0,96.0,103.0,502.0,4.0,14.0,11.0,48.0,1.0,0.0,0.0,0.0,0.0,0.0,0.2305555555555555,-0.5584804634578211,5.647058823529412,6.882352941176471,0.2305555555555555,0.8205128205128205,56,64,8
Sean Tucker,TB,RB,198.48,189,10.0,00-0038951,11.0,59.7,68.7,50.0,308.0,2.0,12.0,9.0,109.0,1.0,0.0,0.0,0.0,0.0,0.0,0.0872222222222222,-0.6037028261548631,6.245454545454546,5.636363636363637,0.0872222222222222,1.1080645161290323,57,58,1
Kendre Miller,NO,RB,291.03,302,8.0,00-0038551,6.0,24.1,29.1,39.0,148.0,1.0,8.0,5.0,33.0,0.0,0.0,0.0,0.0,0.0,0.0,0.2799999999999999,-0.6044109007969606,4.8500000000000005,7.833333333333333,0.2799999999999999,0.6191489361702128,58,89,31
Chris Brooks,GB,RB,266.6,266,11.0,00-0038685,11.0,31.200000000000003,42.2,36.0,183.0,1.0,13.0,11.0,69.0,0.0,0.0,0.0,0.0,0.0,0.0,,-0.6056759866633522,3.8363636363636364,4.454545454545454,,0.8612244897959186,59,78,19
Braelon Allen,NYJ,RB,173.95,165,13.0,00-0039794,17.0,66.2,85.2,92.0,334.0,2.0,27.0,19.0,148.0,1.0,0.0,0.0,0.0,0.0,0.0,0.26,-0.6098960613856906,5.011764705882353,7.0,0.26,0.7159663865546219,60,55,-5
Emari Demercado,KC,RB,291.08,297,5.0,00-0038705,13.0,38.7,54.7,24.0,223.0,1.0,20.0,16.0,104.0,0.0,0.0,0.0,0.0,0.0,0.0,0.2030769230769231,-0.7103336594750391,4.207692307692308,3.3846153846153846,0.2030769230769231,1.2431818181818182,61,90,29
Chris Rodriguez Jr.,JAC,RB,139.46,134,7.0,00-0038611,6.0,30.5,31.5,35.0,173.0,2.0,1.0,1.0,12.0,0.0,0.0,0.0,0.0,0.0,0.0,0.1177777777777777,-0.7107796234689433,5.25,6.0,0.1177777777777777,0.875,62,43,-19
Dameon Pierce,PHI,RB,349.75,430,10.0,00-0037258,9.0,41.5,43.5,40.0,293.0,2.0,4.0,2.0,2.0,0.0,0.0,0.0,0.0,0.0,0.0,0.1607692307692307,-0.7130124142265563,4.833333333333333,4.888888888888889,0.1607692307692307,0.9886363636363636,63,133,70
Jeremy McNichols,WAS,RB,327.8,437,7.0,00-0033955,14.0,54.8,63.8,55.0,261.0,4.0,12.0,9.0,27.0,0.0,0.0,0.0,0.0,0.0,0.0,0.198,-0.7153019417276508,4.557142857142857,4.785714285714286,0.198,0.9522388059701492,64,119,55
Isaiah Davis,NYJ,RB,254.09,251,13.0,00-0039798,9.0,36.9,45.9,30.0,174.0,1.0,12.0,9.0,75.0,1.0,0.0,0.0,0.0,0.0,0.0,0.0999999999999999,-0.7260577675786508,5.1,4.666666666666667,0.0999999999999999,1.0928571428571427,65,72,7
Kenny Gainwell,TB,RB,100.72,98,10.0,00-0036919,16.0,46.6,62.6,75.0,290.0,1.0,22.0,16.0,116.0,0.0,0.0,0.0,0.0,0.0,0.0,0.2404761904761904,-0.7711928133505774,3.9125,6.0625,0.2404761904761904,0.6453608247422681,66,34,-32
Kimani Vidal,LAC,RB,201.45,194,7.0,00-0039391,9.0,27.700000000000003,32.7,43.0,155.0,0.0,9.0,5.0,62.0,1.0,0.0,0.0,0.0,0.0,0.0,0.277,-0.7749573608036602,3.6333333333333337,5.777777777777778,0.277,0.6288461538461539,67,61,-6
Trey Benson,ARI,RB,261.78,278,14.0,00-0039921,12.0,41.0,47.0,63.0,291.0,1.0,6.0,6.0,59.0,0.0,0.0,0.0,0.0,0.0,0.0,0.1669230769230769,-0.8392812921533424,3.9166666666666665,5.75,0.1669230769230769,0.6811594202898551,68,75,7
Khalil Herbert,FA,RB,299.75,435,,00-0036906,8.0,21.5,31.5,36.0,130.0,1.0,11.0,10.0,25.0,0.0,0.0,0.0,0.0,0.0,0.0,0.135,-0.8658358647024467,3.9375,5.875,0.135,0.6702127659574468,69,93,24
Terrell Jennings,FA,RB,351.67,444,,00-0039757,2.0,3.3,3.3,13.0,33.0,0.0,1.0,0.0,0.0,0.0,0.0,0.0,0.0,0.0,0.0,,-0.8775170636283622,1.65,7.0,,0.2357142857142857,70,135,65
Hunter Luepke,DAL,RB,322.6,434,14.0,00-0038738,13.0,14.9,26.9,12.0,38.0,0.0,16.0,12.0,111.0,0.0,0.0,0.0,0.0,0.0,0.0,0.3025,-0.9159582248457424,2.069230769230769,2.1538461538461537,0.3025,0.9607142857142856,71,113,42
Ronnie Rivers,LAR,RB,341.25,461,11.0,00-0037557,5.0,13.3,18.3,22.0,99.0,0.0,6.0,5.0,34.0,0.0,0.0,0.0,0.0,0.0,0.0,0.0726315789473684,-0.9604588222032706,3.66,5.6,0.0726315789473684,0.6535714285714286,72,128,56
Keaton Mitchell,LAC,RB,152.16,147,7.0,00-0038454,2.0,5.800000000000001,6.800000000000001,15.0,30.0,0.0,1.0,1.0,28.0,0.0,0.0,0.0,0.0,0.0,0.0,0.0771428571428571,-0.9628159221895981,3.4000000000000004,8.0,0.0771428571428571,0.42500000000000004,73,49,-24
MarShawn Lloyd,GB,RB,199.3,184,11.0,00-0039811,1.0,1.8,2.8,6.0,15.0,0.0,1.0,1.0,3.0,0.0,0.0,0.0,0.0,0.0,0.0,0.14,-0.9947304216854782,2.8,7.0,0.14,0.39999999999999997,74,59,-15
Ty Chandler,NO,RB,306.25,438,8.0,00-0037276,10.0,22.4,28.4,56.0,182.0,0.0,6.0,6.0,42.0,0.0,0.0,0.0,0.0,0.0,0.0,0.1344444444444444,-1.0063976228817528,2.84,6.2,0.1344444444444444,0.45806451612903226,75,103,28
George Holani,SEA,RB,248.01,244,11.0,00-0039299,2.0,0.9,1.9,3.0,10.0,0.0,1.0,1.0,-1.0,0.0,0.0,0.0,0.0,0.0,0.0,,-1.0330188611866329,0.95,2.0,,0.475,76,71,-5
Will Shipley,PHI,RB,313.18,320,10.0,00-0039746,5.0,11.7,15.7,30.0,82.0,0.0,4.0,4.0,35.0,0.0,0.0,0.0,0.0,0.0,0.0,0.055,-1.0338972104891921,3.1399999999999997,6.8,0.055,0.4617647058823529,77,107,30
Jaylen Wright,MIA,RB,231.79,236,6.0,00-0039874,13.0,23.700000000000003,26.7,68.0,249.0,0.0,6.0,3.0,8.0,0.0,0.0,0.0,0.0,0.0,0.0,0.1699999999999999,-1.0829418536962752,2.0538461538461537,5.6923076923076925,0.1699999999999999,0.3608108108108108,78,67,-11
Jonathon Brooks,CAR,RB,98.94,94,5.0,00-0039344,3.0,4.500000000000001,7.500000000000001,9.0,22.0,0.0,3.0,3.0,23.0,0.0,0.0,0.0,0.0,0.0,0.0,0.11,-1.0844110789864854,2.5000000000000004,4.0,0.11,0.6250000000000001,79,33,-46
Blake Corum,LAR,RB,110.56,110,11.0,00-0039738,14.0,26.5,33.5,58.0,207.0,0.0,8.0,7.0,58.0,0.0,0.0,0.0,0.0,0.0,0.0,0.1117647058823529,-1.099955667151174,2.392857142857143,4.714285714285714,0.1117647058823529,0.5075757575757576,80,37,-43
Reggie Gilliam,NE,RB,335.25,454,11.0,00-0036187,2.0,0.7000000000000001,0.7000000000000001,3.0,7.0,0.0,0.0,0.0,0.0,0.0,0.0,0.0,0.0,0.0,0.0,,-1.1628022261828737,0.35000000000000003,1.5,,0.23333333333333336,81,126,45
Travis Homer,PIT,RB,346.5,503,9.0,00-0035594,4.0,3.4000000000000004,6.4,6.0,23.0,0.0,3.0,3.0,11.0,0.0,0.0,0.0,0.0,0.0,0.0,0.116,-1.1899336539948209,1.6,2.25,0.116,0.7111111111111111,82,130,48
Sione Vaki,DET,RB,326.6,409,6.0,00-0039364,4.0,5.1,8.1,6.0,14.0,0.0,3.0,3.0,37.0,0.0,0.0,0.0,0.0,0.0,0.0,0.0205882352941176,-1.192553184302786,2.025,2.25,0.0205882352941176,0.8999999999999999,83,118,35
Rasheen Ali,BAL,RB,330.89,416,13.0,00-0039796,4.0,3.1,3.1,10.0,31.0,0.0,2.0,0.0,0.0,0.0,0.0,0.0,0.0,0.0,0.0,0.0783333333333333,-1.389249221475858,0.775,3.0,0.0783333333333333,0.25833333333333336,84,122,38
Dylan Laube,LV,RB,324.0,446,13.0,00-0039407,1.0,-2.0,-2.0,1.0,0.0,0.0,0.0,0.0,0.0,0.0,0.0,0.0,0.0,0.0,0.0,0.004,-2.3400650510334056,-2.0,1.0,0.004,-2.0,85,114,29
Ashton Jeanty,LV,RB,16.52,13,13.0,,,,,,,,,,,,,,,,,,-2.3500650510334054,,,,,86,5,-81
Omarion Hampton,LAC,RB,26.11,27,7.0,,,,,,,,,,,,,,,,,,-2.3600650510334056,,,,,87,10,-77
Jeremiyah Love,ARI,RB,40.28,40,14.0,,,,,,,,,,,,,,,,,,-2.3700650510334054,,,,,88,13,-75
Cam Skattebo,NYG,RB,56.09,55,8.0,,,,,,,,,,,,,,,,,,-2.3800650510334056,,,,,89,19,-70
Quinshon Judkins,CLE,RB,61.41,62,11.0,,,,,,,,,,,,,,,,,,-2.3900650510334054,,,,,90,23,-67
TreVeyon Henderson,NE,RB,67.71,66,11.0,,,,,,,,,,,,,,,,,,-2.4000650510334056,,,,,91,24,-67
Bhayshul Tuten,JAC,RB,69.5,67,7.0,,,,,,,,,,,,,,,,,,-2.4100650510334054,,,,,92,25,-67
Jadarian Price,SEA,RB,74.65,71,11.0,,,,,,,,,,,,,,,,,,-2.4200650510334056,,,,,93,26,-67
RJ Harvey,DEN,RB,93.54,89,10.0,,,,,,,,,,,,,,,,,,-2.4300650510334054,,,,,94,31,-63
Kyle Monangai,CHI,RB,111.84,111,10.0,,,,,,,,,,,,,,,,,,-2.4400650510334057,,,,,95,38,-57
Jacory Croskey-Merritt,WAS,RB,117.36,116,7.0,,,,,,,,,,,,,,,,,,-2.4500650510334054,,,,,96,40,-56
Woody Marks,HOU,RB,139.41,133,8.0,,,,,,,,,,,,,,,,,,-2.4600650510334057,,,,,97,42,-55
Dylan Sampson,CLE,RB,148.52,141,11.0,,,,,,,,,,,,,,,,,,-2.4700650510334055,,,,,98,48,-50
Jonah Coleman,DEN,RB,159.19,153,10.0,,,,,,,,,,,,,,,,,,-2.4800650510334057,,,,,99,51,-48
Emmett Johnson,KC,RB,198.45,192,5.0,,,,,,,,,,,,,,,,,,-2.4900650510334055,,,,,100,57,-43
Mike Washington Jr.,LV,RB,204.09,201,13.0,,,,,,,,,,,,,,,,,,-2.5000650510334057,,,,,101,62,-39
Nicholas Singleton,TEN,RB,212.02,204,9.0,,,,,,,,,,,,,,,,,,-2.5100650510334055,,,,,102,63,-39
Jaydon Blue,DAL,RB,220.41,222,14.0,,,,,,,,,,,,,,,,,,-2.5200650510334057,,,,,103,65,-38
Kaytron Allen,WAS,RB,229.77,223,7.0,,,,,,,,,,,,,,,,,,-2.5300650510334055,,,,,104,66,-38
Ollie Gordon II,MIA,RB,241.27,238,6.0,,,,,,,,,,,,,,,,,,-2.5400650510334057,,,,,105,69,-36
Demond Claiborne,MIN,RB,245.15,255,6.0,,,,,,,,,,,,,,,,,,-2.5500650510334055,,,,,106,70,-36
Kaelon Black,SF,RB,256.2,269,8.0,,,,,,,,,,,,,,,,,,-2.5600650510334058,,,,,107,73,-34
Jordan James,SF,RB,262.44,263,8.0,,,,,,,,,,,,,,,,,,-2.5700650510334055,,,,,108,76,-32
LeQuint Allen Jr.,JAC,RB,264.27,264,7.0,,,,,,,,,,,,,,,,,,-2.5800650510334053,,,,,109,77,-32
DJ Giddens,IND,RB,266.78,276,13.0,,,,,,,,,,,,,,,,,,-2.5900650510334056,,,,,110,79,-31
Devin Neal,NO,RB,272.59,284,8.0,,,,,,,,,,,,,,,,,,-2.600065051033406,,,,,111,82,-29
Brashard Smith,KC,RB,277.71,293,5.0,,,,,,,,,,,,,,,,,,-2.6100650510334056,,,,,112,83,-29
Kaleb Johnson,PIT,RB,279.53,294,9.0,,,,,,,,,,,,,,,,,,-2.6200650510334054,,,,,113,84,-29
Malik Davis,DAL,RB,279.83,287,14.0,,,,,,,,,,,,,,,,,,-2.6300650510334056,,,,,114,85,-29
Roman Hemby,LV,RB,286.0,466,13.0,,,,,,,,,,,,,,,,,,-2.6400650510334054,,,,,115,86,-29
Seth McGowan,IND,RB,286.33,299,13.0,,,,,,,,,,,,,,,,,,-2.6500650510334056,,,,,116,87,-29
Adam Randall,BAL,RB,287.44,296,13.0,,,,,,,,,,,,,,,,,,-2.6600650510334054,,,,,117,88,-29
Bam Knight,ARI,RB,301.19,349,14.0,,,,,,,,,,,,,,,,,,-2.6700650510334056,,,,,118,96,-22
Tahj Brooks,CIN,RB,301.48,315,6.0,,,,,,,,,,,,,,,,,,-2.6800650510334054,,,,,119,97,-22
Trevor Etienne,CAR,RB,301.87,306,5.0,,,,,,,,,,,,,,,,,,-2.6900650510334057,,,,,120,98,-22
Audric Estime,NO,RB,303.2,318,8.0,,,,,,,,,,,,,,,,,,-2.7000650510334054,,,,,121,100,-21
Eli Heidenreich,PIT,RB,304.41,348,9.0,,,,,,,,,,,,,,,,,,-2.7100650510334057,,,,,122,101,-21
Cash Jones,ATL,RB,308.0,453,11.0,,,,,,,,,,,,,,,,,,-2.7200650510334055,,,,,123,104,-19
Jarquez Hunter,LAR,RB,309.29,316,11.0,,,,,,,,,,,,,,,,,,-2.7300650510334057,,,,,124,105,-19
Raheim Sanders,CLE,RB,311.58,369,11.0,,,,,,,,,,,,,,,,,,-2.7400650510334055,,,,,125,106,-19
Jaret Patterson,LAC,RB,313.5,484,7.0,,,,,,,,,,,,,,,,,,-2.7500650510334057,,,,,126,108,-18
Noah Whittington,HOU,RB,315.33,460,8.0,,,,,,,,,,,,,,,,,,-2.7600650510334055,,,,,127,109,-18
Phil Mafah,DAL,RB,315.63,380,14.0,,,,,,,,,,,,,,,,,,-2.7700650510334057,,,,,128,111,-17
Zavier Scott,MIN,RB,324.67,428,6.0,,,,,,,,,,,,,,,,,,-2.7800650510334055,,,,,129,115,-14
Jam Miller,NE,RB,324.8,406,11.0,,,,,,,,,,,,,,,,,,-2.7900650510334057,,,,,130,116,-14
Jawhar Jordan,HOU,RB,325.76,371,8.0,,,,,,,,,,,,,,,,,,-2.8000650510334055,,,,,131,117,-14
Robert Henry Jr.,WAS,RB,331.0,440,7.0,,,,,,,,,,,,,,,,,,-2.8100650510334058,,,,,132,123,-9
J'Mari Taylor,JAC,RB,331.71,393,7.0,,,,,,,,,,,,,,,,,,-2.8200650510334055,,,,,133,124,-9
Donovan Edwards,MIA,RB,333.33,468,6.0,,,,,,,,,,,,,,,,,,-2.8300650510334053,,,,,134,125,-9
Frank Gore Jr.,BUF,RB,335.75,455,7.0,,,,,,,,,,,,,,,,,,-2.8400650510334056,,,,,135,127,-8
Myles Montgomery,FA,RB,349.5,505,,,,,,,,,,,,,,,,,,,-2.850065051033406,,,,,136,132,-4
Miles Davis,CAR,RB,350.5,465,5.0,,,,,,,,,,,,,,,,,,-2.8600650510334056,,,,,137,134,-3
Jaydn Ott,KC,RB,353.67,490,5.0,,,,,,,,,,,,,,,,,,-2.8700650510334054,,,,,138,137,-1
Elijah Mitchell,FA,RB,360.67,481,,,,,,,,,,,,,,,,,,,-2.8800650510334056,,,,,139,138,-1
Damien Martinez,GB,RB,365.29,448,11.0,,,,,,,,,,,,,,,,,,-2.890065051033406,,,,,140,139,-1
Dean Connors,LAR,RB,382.0,517,11.0,,,,,,,,,,,,,,,,,,-2.9000650510334056,,,,,141,141,0
Trey McBride,ARI,TE,20.98,20,14.0,00-0037744,16.0,132.8,243.8,1.0,2.0,1.0,147.0,111.0,1146.0,2.0,0.0,0.0,0.0,0.0,0.0,0.898125,1.8671398161609967,15.2375,9.25,0.898125,1.6472972972972975,1,2,1
Brock Bowers,LV,TE,18.08,17,13.0,00-0039338,17.0,150.70000000000002,262.7,5.0,13.0,0.0,153.0,112.0,1194.0,5.0,0.0,0.0,0.0,0.0,0.0,0.8494117647058823,1.8510856849237671,15.452941176470588,9.294117647058824,0.8494117647058823,1.6626582278481012,2,1,-1
George Kittle,SF,TE,102.65,102,8.0,00-0033288,15.0,158.6,236.6,0.0,0.0,0.0,94.0,78.0,1106.0,8.0,0.0,0.0,0.0,0.0,0.0,0.866,1.8307397805276875,15.773333333333333,6.266666666666667,0.866,2.5170212765957447,3,10,7
David Njoku,LAC,TE,252.7,249,7.0,00-0033885,11.0,84.5,148.5,0.0,0.0,0.0,97.0,64.0,505.0,5.0,0.0,0.0,0.0,0.0,0.0,0.7490909090909091,1.3933062269783754,13.5,8.818181818181818,0.7490909090909091,1.5309278350515463,4,30,26
Travis Kelce,KC,TE,99.14,95,5.0,00-0030506,16.0,98.4,195.4,1.0,1.0,0.0,133.0,97.0,823.0,3.0,0.0,0.0,0.0,0.0,0.0,0.8505263157894737,1.2674379262300686,12.2125,8.375,0.8505263157894737,1.4582089552238806,5,9,4
Jonnu Smith,FA,TE,352.2,451,,00-0033858,17.0,134.3,222.3,2.0,-1.0,0.0,111.0,88.0,884.0,8.0,0.0,0.0,0.0,0.0,0.0,0.5488235294117647,1.0117997227831868,13.076470588235296,6.647058823529412,0.5488235294117647,1.9672566371681417,6,60,54
Sam LaPorta,DET,TE,83.16,84,6.0,00-0039065,16.0,114.6,174.6,0.0,0.0,0.0,83.0,60.0,726.0,7.0,0.0,0.0,0.0,0.0,0.0,0.8558823529411765,0.945079689917783,10.9125,5.1875,0.8558823529411765,2.103614457831325,7,8,1
Taysom Hill,FA,TE,370.67,499,,00-0033357,8.0,79.34,102.34,39.0,278.0,6.0,31.0,23.0,187.0,0.0,2.0,4.0,21.0,0.0,1.0,0.425,0.914838172320802,12.7925,8.75,0.425,1.462,8,72,64
Cade Otton,TB,TE,241.86,234,10.0,00-0038129,14.0,81.60000000000001,140.6,1.0,-4.0,0.0,87.0,59.0,600.0,4.0,0.0,0.0,0.0,0.0,0.0,0.9306666666666668,0.8902015529104349,10.042857142857143,6.285714285714286,0.9306666666666668,1.5977272727272727,9,29,20
Mark Andrews,BAL,TE,130.23,129,13.0,00-0034753,17.0,133.8,188.8,4.0,5.0,0.0,69.0,55.0,673.0,11.0,0.0,0.0,0.0,0.0,0.0,0.6152631578947368,0.7375176597189522,11.105882352941178,4.294117647058823,0.6152631578947368,2.5863013698630137,10,15,5
Tucker Kraft,GB,TE,76.63,74,11.0,00-0038996,17.0,113.3,163.3,3.0,6.0,0.0,70.0,50.0,707.0,7.0,0.0,0.0,0.0,0.0,0.0,0.8638888888888889,0.7202409222583332,9.605882352941178,4.294117647058823,0.8638888888888889,2.236986301369863,11,6,-5
Dallas Goedert,PHI,TE,121.11,122,10.0,00-0034351,10.0,61.6,103.6,0.0,0.0,0.0,52.0,42.0,496.0,2.0,0.0,0.0,0.0,0.0,0.0,0.7164285714285714,0.6892098698325826,10.36,5.2,0.7164285714285714,1.9923076923076921,12,14,2
Evan Engram,DEN,TE,254.94,242,10.0,00-0033881,9.0,42.5,89.5,0.0,0.0,0.0,64.0,47.0,365.0,1.0,0.0,0.0,0.0,0.0,0.0,0.7200000000000001,0.6749076220683056,9.944444444444445,7.111111111111111,0.7200000000000001,1.3984375,13,31,18
Zach Ertz,FA,TE,365.67,458,,00-0030061,17.0,111.4,177.4,0.0,0.0,0.0,91.0,66.0,654.0,7.0,0.0,0.0,0.0,0.0,0.0,0.674,0.6570655141571492,10.435294117647059,5.352941176470588,0.674,1.9494505494505494,14,71,57
Hunter Henry,NE,TE,163.83,154,11.0,00-0033090,16.0,79.4,145.4,0.0,0.0,0.0,97.0,66.0,674.0,2.0,0.0,0.0,0.0,0.0,0.0,0.80625,0.5757738641514754,9.0875,6.0625,0.80625,1.4989690721649485,15,19,4
Pat Freiermuth,PIT,TE,237.21,228,9.0,00-0036894,17.0,103.3,168.3,0.0,0.0,0.0,78.0,65.0,653.0,7.0,0.0,0.0,0.0,0.0,0.0,0.6872222222222222,0.5749196334927377,9.9,4.588235294117647,0.6872222222222222,2.157692307692308,16,28,12
Cole Kmet,CHI,TE,323.32,343,10.0,00-0036290,14.0,73.4,120.4,0.0,0.0,0.0,55.0,47.0,474.0,4.0,0.0,0.0,0.0,0.0,0.0,0.8723529411764706,0.5441189011360908,8.6,3.9285714285714284,0.8723529411764706,2.189090909090909,17,47,30
T.J. Hockenson,MIN,TE,191.19,173,6.0,00-0035229,10.0,45.5,86.5,0.0,0.0,0.0,62.0,41.0,455.0,0.0,0.0,0.0,0.0,0.0,0.0,0.6127272727272728,0.2898897684947573,8.65,6.2,0.6127272727272728,1.3951612903225807,18,22,4
Tyler Conklin,DET,TE,376.67,506,6.0,00-0034270,16.0,70.9,121.9,1.0,0.0,0.0,72.0,51.0,449.0,4.0,0.0,0.0,0.0,0.0,0.0,0.800625,0.2646144351866307,7.61875,4.5625,0.800625,1.66986301369863,19,77,58
Juwan Johnson,NO,TE,136.1,132,8.0,00-0036040,15.0,72.80000000000001,122.8,0.0,0.0,0.0,66.0,50.0,548.0,3.0,0.0,0.0,0.0,0.0,0.0,0.6417647058823529,0.19834122862220768,8.186666666666666,4.4,0.6417647058823529,1.8606060606060606,20,16,-4
Isaiah Likely,NYG,TE,119.29,118,8.0,00-0037838,15.0,81.7,123.7,0.0,0.0,0.0,58.0,42.0,477.0,6.0,0.0,0.0,0.0,0.0,0.0,0.6166666666666667,0.19369632165152662,8.246666666666666,3.8666666666666667,0.6166666666666667,2.132758620689655,21,13,-8
Theo Johnson,NYG,TE,278.95,280,8.0,00-0039847,10.0,39.1,68.1,0.0,0.0,0.0,43.0,29.0,331.0,1.0,0.0,0.0,0.0,0.0,0.0,0.8416666666666667,0.15228275183378814,6.81,4.3,0.8416666666666667,1.583720930232558,22,37,15
Dalton Schultz,HOU,TE,173.44,162,8.0,00-0034383,17.0,65.2,118.2,0.0,0.0,0.0,85.0,53.0,532.0,2.0,0.0,0.0,0.0,0.0,0.0,0.7789473684210527,0.12307387148119753,6.952941176470588,5.0,0.7789473684210527,1.3905882352941177,23,20,-3
Jake Ferguson,DAL,TE,113.95,114,14.0,00-0038041,14.0,45.400000000000006,104.4,0.0,0.0,0.0,86.0,59.0,494.0,0.0,0.0,0.0,0.0,0.0,0.0,0.6528571428571429,0.1201445280918764,7.457142857142857,6.142857142857143,0.6528571428571429,1.213953488372093,24,12,-12
Mike Gesicki,CIN,TE,275.94,305,6.0,00-0034829,16.0,76.5,141.5,0.0,0.0,0.0,83.0,65.0,665.0,2.0,0.0,0.0,0.0,0.0,0.0,0.4476470588235294,0.1125769469425436,8.84375,5.1875,0.4476470588235294,1.7048192771084338,25,35,10
Kyle Pitts Sr.,ATL,TE,79.4,77,11.0,00-0036970,17.0,84.2,131.2,0.0,0.0,0.0,74.0,47.0,602.0,4.0,0.0,0.0,0.0,0.0,0.0,0.62,0.08387527863646546,7.717647058823529,4.352941176470588,0.62,1.7729729729729728,26,7,-19
Tyler Higbee,LAR,TE,321.22,338,11.0,00-0033110,3.0,18.6,26.6,0.0,0.0,0.0,12.0,8.0,66.0,2.0,0.0,0.0,0.0,0.0,0.0,0.4059999999999999,0.07992970337114577,8.866666666666667,4.0,0.4059999999999999,2.216666666666667,27,46,19
Noah Fant,NO,TE,344.05,381,8.0,00-0035644,14.0,56.0,104.0,0.0,0.0,0.0,64.0,48.0,500.0,1.0,0.0,0.0,0.0,0.0,0.0,0.6328571428571428,0.04326699749211278,7.428571428571429,4.571428571428571,0.6328571428571428,1.625,28,57,29
Dalton Kincaid,BUF,TE,113.48,113,7.0,00-0038933,13.0,56.8,100.8,0.0,0.0,0.0,75.0,44.0,448.0,2.0,0.0,0.0,0.0,0.0,0.0,0.546875,0.03992086731896784,7.753846153846154,5.769230769230769,0.546875,1.3439999999999999,29,11,-18
Chig Okonkwo,WAS,TE,158.32,151,7.0,00-0037809,16.0,61.6,113.6,1.0,17.0,0.0,70.0,52.0,479.0,2.0,0.0,0.0,0.0,0.0,0.0,0.6052941176470588,-0.05136814822650191,7.1,4.4375,0.6052941176470588,1.5999999999999999,30,18,-12
Noah Gray,KC,TE,327.15,347,5.0,00-0036637,16.0,73.3,113.3,1.0,-4.0,0.0,49.0,40.0,437.0,5.0,0.0,0.0,0.0,0.0,0.0,0.5455,-0.08452326951556025,7.08125,3.125,0.5455,2.266,31,50,19
Brenton Strange,JAC,TE,156.95,149,7.0,00-0038935,14.0,51.1,91.1,0.0,0.0,0.0,53.0,40.0,411.0,2.0,0.0,0.0,0.0,0.0,0.0,0.5423529411764706,-0.23628482004187132,6.507142857142857,3.7857142857142856,0.5423529411764706,1.7188679245283018,32,17,-15
Tommy Tremble,CAR,TE,348.75,397,5.0,00-0037005,10.0,33.400000000000006,56.4,0.0,0.0,0.0,32.0,23.0,234.0,2.0,0.0,0.0,0.0,0.0,0.0,0.6725,-0.2579220529297305,5.64,3.2,0.6725,1.7625,33,59,26
Austin Hooper,ATL,TE,353.5,423,11.0,00-0032392,17.0,63.6,108.6,0.0,0.0,0.0,59.0,45.0,476.0,3.0,0.0,0.0,0.0,0.0,0.0,0.5252941176470588,-0.2722297621144238,6.388235294117647,3.4705882352941178,0.5252941176470588,1.8406779661016948,34,61,27
Josh Oliver,MIN,TE,361.0,477,6.0,00-0035249,11.0,43.8,65.8,0.0,0.0,0.0,28.0,22.0,258.0,3.0,0.0,0.0,0.0,0.0,0.0,0.53625,-0.28171667774112263,5.9818181818181815,2.5454545454545454,0.53625,2.35,35,69,34
AJ Barner,SEA,TE,207.73,193,11.0,00-0039793,14.0,48.5,78.5,0.0,0.0,0.0,38.0,30.0,245.0,4.0,0.0,0.0,0.0,0.0,0.0,0.4505882352941177,-0.48047274663868217,5.607142857142857,2.7142857142857144,0.4505882352941177,2.0657894736842106,36,24,-12
Ja'Tavion Sanders,CAR,TE,331.13,359,5.0,00-0039356,15.0,40.2,73.2,0.0,0.0,0.0,43.0,33.0,342.0,1.0,0.0,0.0,0.0,0.0,0.0,0.56125,-0.5320337763392325,4.88,2.8666666666666667,0.56125,1.7023255813953488,37,52,15
Dawson Knox,BUF,TE,331.8,350,7.0,00-0035689,14.0,37.1,59.1,0.0,0.0,0.0,33.0,22.0,311.0,1.0,0.0,0.0,0.0,0.0,0.0,0.5994736842105264,-0.6081412644080794,4.2214285714285715,2.357142857142857,0.5994736842105264,1.790909090909091,38,53,15
Luke Schoonmaker,DAL,TE,378.2,487,14.0,00-0038547,10.0,30.1,57.1,0.0,0.0,0.0,36.0,27.0,241.0,1.0,0.0,0.0,0.0,0.0,0.0,0.3447058823529412,-0.6142692726297844,5.71,3.6,0.3447058823529412,1.5861111111111112,39,79,40
Colby Parkinson,LAR,TE,263.93,256,11.0,00-0036244,15.0,35.4,65.4,0.0,0.0,0.0,49.0,30.0,294.0,1.0,0.0,0.0,0.0,0.0,0.0,0.5268421052631579,-0.6923809529633942,4.36,3.2666666666666666,0.5268421052631579,1.3346938775510204,40,32,-8
Erick All Jr.,CIN,TE,320.69,342,6.0,00-0039814,8.0,15.8,35.800000000000004,0.0,0.0,0.0,22.0,20.0,158.0,0.0,0.0,0.0,0.0,0.0,0.0,0.4188888888888888,-0.7743157927165096,4.4750000000000005,2.75,0.4188888888888888,1.6272727272727274,41,45,4
Michael Mayer,LV,TE,302.91,324,13.0,00-0039066,11.0,15.6,36.6,0.0,0.0,0.0,32.0,21.0,156.0,0.0,0.0,0.0,0.0,0.0,0.0,0.63,-0.8015065704775549,3.3272727272727276,2.909090909090909,0.63,1.14375,42,41,-1
Drew Sample,CIN,TE,376.67,507,6.0,00-0035631,11.0,16.5,36.5,1.0,-4.0,0.0,22.0,20.0,109.0,1.0,0.0,0.0,0.0,0.0,0.0,0.571764705882353,-0.8381738769165153,3.3181818181818183,2.090909090909091,0.571764705882353,1.5869565217391304,43,77,34
Adam Trautman,DEN,TE,374.8,482,10.0,00-0036422,13.0,30.8,43.8,0.0,0.0,0.0,22.0,13.0,188.0,2.0,0.0,0.0,0.0,0.0,0.0,0.5,-0.8508604334446197,3.369230769230769,1.6923076923076923,0.5,1.9909090909090907,44,76,32
Darnell Washington,PIT,TE,297.77,321,9.0,00-0038558,13.0,26.0,45.0,0.0,0.0,0.0,25.0,19.0,200.0,1.0,0.0,0.0,0.0,0.0,0.0,0.5094444444444445,-0.8517271235231424,3.4615384615384617,1.9230769230769231,0.5094444444444445,1.8,45,39,-6
Charlie Kolar,LAC,TE,306.35,361,7.0,00-0038046,7.0,19.3,28.3,1.0,2.0,0.0,11.0,9.0,131.0,1.0,0.0,0.0,0.0,0.0,0.0,0.294,-0.8942696539540064,4.042857142857143,1.7142857142857142,0.294,2.3583333333333334,46,42,-4
Elijah Higgins,ARI,TE,370.67,441,14.0,00-0039041,14.0,29.200000000000003,49.2,0.0,0.0,0.0,24.0,20.0,172.0,2.0,0.0,0.0,0.0,0.0,0.0,0.3805882352941176,-0.9461988946290066,3.5142857142857147,1.7142857142857142,0.3805882352941176,2.0500000000000003,47,72,25
Ben Sinnott,WAS,TE,356.58,419,7.0,00-0039912,4.0,8.8,13.8,0.0,0.0,0.0,5.0,5.0,28.0,1.0,0.0,0.0,0.0,0.0,0.0,0.2339999999999999,-0.9897730540958103,3.45,1.25,0.2339999999999999,2.7600000000000002,48,64,16
Daniel Bellinger,TEN,TE,356.71,412,9.0,00-0038115,7.0,12.5,26.5,0.0,0.0,0.0,17.0,14.0,125.0,0.0,0.0,0.0,0.0,0.0,0.0,0.3305882352941176,-1.0141976009182072,3.7857142857142856,2.4285714285714284,0.3305882352941176,1.5588235294117647,49,65,16
Mo Alie-Cox,IND,TE,360.0,509,13.0,00-0033217,12.0,20.7,32.7,0.0,0.0,0.0,22.0,12.0,147.0,1.0,0.0,0.0,0.0,0.0,0.0,0.438235294117647,-1.1163365394862865,2.725,1.8333333333333333,0.438235294117647,1.4863636363636366,50,68,18
Greg Dulcich,MIA,TE,204.25,243,6.0,00-0037252,3.0,2.8000000000000003,7.8,0.0,0.0,0.0,12.0,5.0,28.0,0.0,0.0,0.0,0.0,0.0,0.0,0.2566666666666666,-1.3288761280356067,2.6,4.0,0.2566666666666666,0.65,51,23,-28
Jeremy Ruckert,NYJ,TE,341.0,501,13.0,00-0037805,13.0,10.5,28.5,0.0,0.0,0.0,28.0,18.0,105.0,0.0,0.0,0.0,0.0,0.0,0.0,0.3676470588235294,-1.3502945117253486,2.1923076923076925,2.1538461538461537,0.3676470588235294,1.0178571428571428,52,56,4
John Bates,WAS,TE,326.22,414,7.0,00-0036628,10.0,6.4,14.4,0.0,0.0,0.0,13.0,8.0,84.0,0.0,0.0,0.0,0.0,0.0,0.0,0.4365,-1.4381443973665824,1.44,1.3,0.4365,1.1076923076923078,53,49,-4
Luke Musgrave,GB,TE,355.25,401,11.0,00-0039144,7.0,4.5,11.5,0.0,0.0,0.0,10.0,7.0,45.0,0.0,0.0,0.0,0.0,0.0,0.0,0.2975,-1.5409779378543755,1.6428571428571428,1.4285714285714286,0.2975,1.15,54,63,9
Colston Loveland,CHI,TE,38.31,37,10.0,,,,,,,,,,,,,,,,,,-1.5509779378543755,,,,,55,3,-52
Tyler Warren,IND,TE,54.33,51,13.0,,,,,,,,,,,,,,,,,,-1.5609779378543756,,,,,56,4,-52
Harold Fannin Jr.,CLE,TE,74.5,70,11.0,,,,,,,,,,,,,,,,,,-1.5709779378543756,,,,,57,5,-52
Oronde Gadsden II,LAC,TE,189.52,172,7.0,,,,,,,,,,,,,,,,,,-1.5809779378543756,,,,,58,21,-37
Gunnar Helm,TEN,TE,217.81,205,9.0,,,,,,,,,,,,,,,,,,-1.5909779378543756,,,,,59,25,-34
Kenyon Sadiq,NYJ,TE,222.63,208,13.0,,,,,,,,,,,,,,,,,,-1.6009779378543756,,,,,60,26,-34
Terrance Ferguson,LAR,TE,223.36,218,11.0,,,,,,,,,,,,,,,,,,-1.6109779378543756,,,,,61,27,-34
Mason Taylor,NYJ,TE,271.01,271,13.0,,,,,,,,,,,,,,,,,,-1.6209779378543756,,,,,62,33,-29
Darren Waller,CAR,TE,272.35,322,5.0,,,,,,,,,,,,,,,,,,-1.6309779378543756,,,,,63,34,-29
Eli Stowers,PHI,TE,278.1,279,10.0,,,,,,,,,,,,,,,,,,-1.6409779378543756,,,,,64,36,-28
Jake Tonges,SF,TE,285.9,313,8.0,,,,,,,,,,,,,,,,,,-1.6509779378543756,,,,,65,38,-27
Oscar Delp,NO,TE,299.87,283,8.0,,,,,,,,,,,,,,,,,,-1.6609779378543754,,,,,66,40,-26
Elijah Arroyo,SEA,TE,310.6,329,11.0,,,,,,,,,,,,,,,,,,-1.6709779378543757,,,,,67,43,-24
Will Kacmarek,MIA,TE,319.0,485,6.0,,,,,,,,,,,,,,,,,,-1.6809779378543754,,,,,68,44,-24
Eli Raridon,NE,TE,325.63,353,11.0,,,,,,,,,,,,,,,,,,-1.6909779378543754,,,,,69,48,-21
Max Klare,LAR,TE,329.84,346,11.0,,,,,,,,,,,,,,,,,,-1.7009779378543755,,,,,70,51,-19
Tommy Myers,FA,TE,335.33,432,,,,,,,,,,,,,,,,,,,-1.7109779378543755,,,,,71,54,-17
Justin Joly,DEN,TE,336.67,364,10.0,,,,,,,,,,,,,,,,,,-1.7209779378543755,,,,,72,55,-17
Marlin Klein,HOU,TE,345.75,462,8.0,,,,,,,,,,,,,,,,,,-1.7309779378543755,,,,,73,58,-15
Tanner Koziol,JAC,TE,354.0,459,7.0,,,,,,,,,,,,,,,,,,-1.7409779378543755,,,,,74,62,-12
Matt Hibner,BAL,TE,358.0,496,13.0,,,,,,,,,,,,,,,,,,-1.7509779378543755,,,,,75,66,-9
Mitchell Evans,CAR,TE,359.25,405,5.0,,,,,,,,,,,,,,,,,,-1.7609779378543755,,,,,76,67,-9
Sam Roush,CHI,TE,362.33,498,10.0,,,,,,,,,,,,,,,,,,-1.7709779378543755,,,,,77,70,-7
Nate Boerkircher,JAC,TE,371.5,493,7.0,,,,,,,,,,,,,,,,,,-1.7809779378543755,,,,,78,74,-4
Jackson Hawes,BUF,TE,373.0,480,7.0,,,,,,,,,,,,,,,,,,-1.7909779378543755,,,,,79,75,-4
Michael Trigg,DAL,TE,395.67,514,14.0,,,,,,,,,,,,,,,,,,-1.8009779378543755,,,,,80,80,0
Ja'Marr Chase,CIN,WR,1.52,1,6.0,00-0036900,17.0,276.0,403.0,3.0,32.0,0.0,175.0,127.0,1708.0,17.0,0.0,0.0,0.0,0.0,0.0,0.9229411764705882,2.1843422072438705,23.705882352941178,10.470588235294118,0.9229411764705882,2.264044943820225,1,1,0
Rashee Rice,KC,WR,21.99,21,5.0,00-0039067,3.0,40.900000000000006,64.9,1.0,1.0,0.0,29.0,24.0,288.0,2.0,0.0,0.0,0.0,0.0,0.0,0.6025,1.6068277226686398,21.633333333333336,10.0,0.6025,2.1633333333333336,2,12,10
Chris Godwin Jr.,TB,WR,78.47,76,10.0,00-0033921,7.0,87.80000000000001,137.8,1.0,2.0,0.0,62.0,50.0,576.0,5.0,0.0,0.0,0.0,0.0,0.0,0.87,1.5936546639492468,19.685714285714287,9.0,0.87,2.1873015873015875,3,34,31
Malik Nabers,NYG,WR,24.65,24,8.0,00-0039337,15.0,164.60000000000002,273.6,5.0,2.0,0.0,170.0,109.0,1204.0,7.0,0.0,1.0,0.0,0.0,0.0,0.906,1.5354387558174356,18.240000000000002,11.666666666666666,0.906,1.5634285714285716,4,14,10
Justin Jefferson,MIN,WR,9.15,8,6.0,00-0036322,17.0,214.48,317.48,1.0,3.0,0.0,154.0,103.0,1533.0,10.0,1.0,1.0,22.0,0.0,0.0,0.931111111111111,1.5242952999375123,18.67529411764706,9.117647058823529,0.931111111111111,2.048258064516129,5,6,1
Amon-Ra St. Brown,DET,WR,5.46,6,6.0,00-0036963,17.0,201.18,316.18,2.0,6.0,0.0,141.0,115.0,1263.0,12.0,1.0,1.0,7.0,1.0,0.0,0.8872222222222222,1.4603611277435042,18.598823529411764,8.411764705882353,0.8872222222222222,2.211048951048951,6,4,-2
Puka Nacua,LAR,WR,3.51,3,11.0,00-0039075,11.0,127.6,206.6,11.0,46.0,1.0,106.0,79.0,990.0,3.0,0.0,0.0,0.0,0.0,0.0,0.7238461538461538,1.3853764484382856,18.78181818181818,10.636363636363637,0.7238461538461538,1.7658119658119658,7,2,-5
Tee Higgins,CIN,WR,36.46,35,6.0,00-0036410,12.0,149.1,222.1,0.0,0.0,0.0,109.0,73.0,911.0,10.0,0.0,0.0,0.0,0.0,0.0,0.7908333333333334,1.3680002335052057,18.508333333333333,9.083333333333334,0.7908333333333334,2.0376146788990823,8,20,12
Davante Adams,LAR,WR,50.92,49,11.0,00-0031381,14.0,156.3,241.3,0.0,0.0,0.0,141.0,85.0,1063.0,8.0,0.0,0.0,0.0,0.0,0.0,0.9178571428571428,1.35664390632329,17.235714285714288,10.071428571428571,0.9178571428571428,1.7113475177304964,9,24,15
CeeDee Lamb,DAL,WR,8.86,7,14.0,00-0036358,15.0,162.4,263.40000000000003,14.0,70.0,0.0,152.0,101.0,1194.0,6.0,0.0,0.0,0.0,0.0,0.0,0.8019999999999999,1.3258934489113081,17.560000000000002,11.066666666666666,0.8019999999999999,1.5867469879518075,10,5,-5
Drake London,ATL,WR,12.21,10,11.0,00-0037238,17.0,180.8,280.8,1.0,-3.0,0.0,158.0,100.0,1271.0,9.0,0.0,0.0,0.0,0.0,0.0,0.8970588235294118,1.2214628796512688,16.51764705882353,9.352941176470589,0.8970588235294118,1.7660377358490567,11,7,-4
A.J. Brown,NE,WR,14.08,12,11.0,00-0035676,13.0,149.9,216.9,0.0,0.0,0.0,97.0,67.0,1079.0,7.0,0.0,0.0,0.0,0.0,0.0,0.878235294117647,1.1905496576750478,16.684615384615384,7.461538461538462,0.878235294117647,2.236082474226804,12,8,-4
Nico Collins,HOU,WR,16.93,14,8.0,00-0036554,12.0,142.60000000000002,210.6,0.0,0.0,0.0,99.0,68.0,1006.0,7.0,0.0,0.0,0.0,0.0,0.0,0.6892857142857143,1.1315047040123187,17.55,8.25,0.6892857142857143,2.1272727272727274,13,9,-4
Brian Thomas Jr.,JAC,WR,75.97,72,7.0,00-0039893,17.0,197.0,284.0,6.0,48.0,0.0,133.0,87.0,1282.0,10.0,0.0,0.0,0.0,0.0,0.0,0.7935294117647059,1.1189343294054206,16.705882352941178,8.176470588235293,0.7935294117647059,2.0431654676258995,14,33,19
Mike Evans,SF,WR,54.48,52,8.0,00-0031408,14.0,166.4,240.4,0.0,0.0,0.0,110.0,74.0,1004.0,11.0,0.0,0.0,0.0,0.0,0.0,0.722,1.108502297831419,17.17142857142857,7.857142857142857,0.722,2.1854545454545455,15,26,11
Garrett Wilson,NYJ,WR,29.87,29,13.0,00-0037740,17.0,150.9,251.9,2.0,5.0,0.0,153.0,101.0,1104.0,7.0,0.0,0.0,0.0,0.0,0.0,0.9629411764705884,1.0588770673618007,14.81764705882353,9.117647058823529,0.9629411764705884,1.6251612903225807,16,15,-1
DeVonta Smith,PHI,WR,23.98,23,10.0,00-0036912,13.0,131.4,199.4,1.0,1.0,0.0,89.0,68.0,833.0,8.0,0.0,0.0,0.0,0.0,0.0,0.8770588235294118,1.0062218022930978,15.338461538461539,6.923076923076923,0.8770588235294118,2.2155555555555555,17,13,-4
Terry McLaurin,WAS,WR,46.14,45,7.0,00-0035659,17.0,185.8,267.8,2.0,2.0,0.0,117.0,82.0,1096.0,13.0,0.0,0.0,0.0,0.0,0.0,0.8125,1.0012187237817862,15.75294117647059,7.0,0.8125,2.250420168067227,18,22,4
Courtland Sutton,DEN,WR,83.06,83,10.0,00-0034348,16.0,159.3,240.3,0.0,0.0,0.0,135.0,81.0,1081.0,8.0,2.0,2.0,30.0,1.0,0.0,0.8594444444444445,0.965710950580756,15.01875,8.4375,0.8594444444444445,1.78,19,37,18
Jakobi Meyers,JAC,WR,101.16,100,7.0,00-0034960,15.0,131.0,218.0,2.0,23.0,0.0,129.0,87.0,1027.0,4.0,0.0,0.0,0.0,0.0,0.0,0.9166666666666666,0.9654771062962416,14.533333333333333,8.733333333333333,0.9166666666666666,1.6641221374045803,20,44,24
Jaxon Smith-Njigba,SEA,WR,4.79,5,11.0,00-0038543,17.0,153.0,253.0,5.0,26.0,0.0,137.0,100.0,1130.0,6.0,1.0,1.0,35.0,0.0,0.0,0.8641176470588235,0.9501843569352086,14.882352941176471,8.352941176470589,0.8641176470588235,1.7816901408450705,21,3,-18
DJ Moore,BUF,WR,51.99,50,7.0,00-0034827,17.0,140.1,238.1,14.0,75.0,0.0,140.0,98.0,966.0,6.0,0.0,1.0,0.0,0.0,0.0,0.9382352941176472,0.9287928040833827,14.005882352941176,9.058823529411764,0.9382352941176472,1.546103896103896,22,25,3
Stefon Diggs,WAS,WR,100.49,108,7.0,00-0031588,8.0,74.92,121.92,3.0,8.0,1.0,64.0,47.0,496.0,3.0,1.0,1.0,13.0,0.0,0.0,0.7837500000000001,0.9207987706757208,15.24,8.375,0.7837500000000001,1.8197014925373134,23,43,20
Jerry Jeudy,CLE,WR,165.21,159,11.0,00-0036407,17.0,150.9,240.9,0.0,0.0,0.0,145.0,90.0,1229.0,4.0,0.0,0.0,0.0,0.0,0.0,0.8970588235294118,0.8933645611188501,14.170588235294119,8.529411764705882,0.8970588235294118,1.6613793103448276,24,60,36
Cooper Kupp,SEA,WR,225.99,224,11.0,00-0033908,12.0,108.0,175.0,2.0,10.0,0.0,100.0,67.0,710.0,6.0,0.0,0.0,0.0,0.0,0.0,0.8064285714285714,0.8597847473320634,14.583333333333334,8.5,0.8064285714285714,1.7156862745098038,25,82,57
Ladd McConkey,LAC,WR,36.23,33,7.0,00-0039915,16.0,158.9,240.9,0.0,0.0,0.0,112.0,82.0,1149.0,7.0,0.0,0.0,0.0,0.0,0.0,0.7411764705882353,0.8374754541108801,15.05625,7.0,0.7411764705882353,2.1508928571428574,26,18,-8
Jordan Addison,MIN,WR,106.84,107,6.0,00-0038994,15.0,149.5,212.5,3.0,20.0,1.0,99.0,63.0,875.0,9.0,0.0,0.0,0.0,0.0,0.0,0.82375,0.7937901160427095,14.166666666666666,6.8,0.82375,2.0833333333333335,27,47,20
Jameson Williams,DET,WR,55.22,54,6.0,00-0037240,15.0,154.20000000000002,212.2,11.0,61.0,1.0,91.0,58.0,1001.0,7.0,0.0,0.0,0.0,0.0,0.0,0.800625,0.7689222974558433,14.146666666666667,6.8,0.800625,2.080392156862745,28,27,-1
Jauan Jennings,MIN,WR,162.04,158,6.0,00-0036259,15.0,133.5,210.5,0.0,0.0,0.0,113.0,77.0,975.0,6.0,0.0,0.0,0.0,0.0,0.0,0.744,0.7057497432240684,14.033333333333333,7.533333333333333,0.744,1.8628318584070795,29,59,30
Rashid Shaheed,SEA,WR,149.86,144,11.0,00-0037545,6.0,61.8,81.80000000000001,6.0,29.0,0.0,41.0,20.0,349.0,3.0,0.0,0.0,0.0,0.0,0.0,0.7566666666666667,0.6701014293795411,13.633333333333335,7.833333333333333,0.7566666666666667,1.7404255319148938,30,56,26
DK Metcalf,PIT,WR,79.45,78,9.0,00-0035640,15.0,125.2,191.2,0.0,0.0,0.0,108.0,66.0,992.0,5.0,0.0,0.0,0.0,0.0,0.0,0.86,0.6371103235934494,12.746666666666666,7.2,0.86,1.7703703703703704,31,35,4
Keenan Allen,IND,WR,217.23,221,13.0,00-0030279,15.0,114.4,184.4,0.0,0.0,0.0,121.0,70.0,744.0,7.0,0.0,1.0,0.0,0.0,1.0,0.868,0.6049290328049346,12.293333333333333,8.066666666666666,0.868,1.5239669421487603,32,78,46
Darnell Mooney,NYG,WR,217.46,216,8.0,00-0036309,16.0,129.20000000000002,193.2,0.0,0.0,0.0,106.0,64.0,992.0,5.0,0.0,1.0,0.0,0.0,0.0,0.9275,0.6018705229970563,12.075,6.625,0.9275,1.822641509433962,33,79,46
Tyreek Hill,FA,WR,275.26,314,,00-0033040,17.0,137.2,218.2,8.0,53.0,0.0,122.0,81.0,959.0,6.0,0.0,0.0,0.0,0.0,0.0,0.7988235294117647,0.5994989090485006,12.835294117647058,7.647058823529412,0.7988235294117647,1.6784615384615384,34,105,71
Josh Downs,IND,WR,86.2,86,13.0,00-0038997,14.0,110.2,182.2,1.0,-1.0,0.0,107.0,72.0,803.0,5.0,0.0,0.0,0.0,0.0,0.0,0.6442857142857142,0.47732784063996997,13.014285714285714,7.714285714285714,0.6442857142857142,1.687037037037037,35,39,4
Zay Flowers,BAL,WR,29.98,30,13.0,00-0039064,17.0,135.5,209.5,9.0,56.0,0.0,116.0,74.0,1059.0,4.0,0.0,0.0,0.0,0.0,0.0,0.7464705882352941,0.47401413866526576,12.323529411764707,7.352941176470588,0.7464705882352941,1.676,36,16,-20
Calvin Ridley,TEN,WR,207.02,197,9.0,00-0034837,17.0,135.20000000000002,199.2,8.0,55.0,1.0,120.0,64.0,1017.0,4.0,0.0,0.0,0.0,0.0,0.0,0.8129411764705883,0.4599695975014047,11.717647058823529,7.529411764705882,0.8129411764705883,1.55625,37,75,38
George Pickens,DAL,WR,20.08,19,14.0,00-0037247,14.0,105.4,164.4,2.0,-6.0,0.0,103.0,59.0,900.0,3.0,0.0,0.0,0.0,0.0,0.0,0.8006666666666666,0.45085887033104527,11.742857142857144,7.5,0.8006666666666666,1.5657142857142858,38,11,-27
Marvin Harrison Jr.,ARI,WR,69.57,68,14.0,00-0039849,17.0,134.5,196.5,0.0,0.0,0.0,116.0,62.0,885.0,8.0,0.0,0.0,0.0,0.0,0.0,0.7858823529411765,0.39735422681944876,11.558823529411764,6.823529411764706,0.7858823529411765,1.6939655172413792,39,32,-7
Deebo Samuel Sr.,SF,WR,140.09,143,8.0,00-0035719,14.0,104.6,155.6,42.0,136.0,1.0,81.0,51.0,670.0,3.0,0.0,0.0,0.0,0.0,0.0,0.7313333333333334,0.34680919103836205,11.114285714285714,8.785714285714286,0.7313333333333334,1.265040650406504,40,55,15
Quentin Johnston,LAC,WR,99.51,96,7.0,00-0038544,15.0,119.70000000000002,174.70000000000002,3.0,6.0,0.0,91.0,55.0,711.0,8.0,0.0,0.0,0.0,0.0,0.0,0.71625,0.3376809596612356,11.646666666666668,6.266666666666667,0.71625,1.8585106382978724,41,42,1
Michael Pittman Jr.,PIT,WR,81.65,81,9.0,00-0036252,16.0,96.8,165.8,0.0,0.0,0.0,111.0,69.0,808.0,3.0,0.0,0.0,0.0,0.0,0.0,0.880625,0.32530338364755595,10.3625,6.9375,0.880625,1.4936936936936938,42,36,-6
Khalil Shakir,BUF,WR,119.57,120,7.0,00-0037261,15.0,106.5,182.5,2.0,4.0,0.0,100.0,76.0,821.0,4.0,0.0,0.0,0.0,0.0,0.0,0.6211111111111111,0.32355700725847164,12.166666666666666,6.8,0.6211111111111111,1.7892156862745099,43,48,5
Xavier Worthy,KC,WR,127.45,127,5.0,00-0039894,16.0,128.20000000000002,187.2,20.0,104.0,3.0,98.0,59.0,638.0,6.0,0.0,0.0,0.0,0.0,0.0,0.6725,0.31942559485618016,11.7,7.375,0.6725,1.5864406779661016,44,52,8
Wan'Dale Robinson,TEN,WR,85.71,85,9.0,00-0038117,17.0,89.7,182.7,3.0,18.0,0.0,140.0,93.0,699.0,3.0,0.0,0.0,0.0,0.0,0.0,0.7594117647058823,0.3101446461588704,10.74705882352941,8.411764705882353,0.7594117647058823,1.2776223776223776,45,38,-7
Jayden Reed,GB,WR,106.41,104,11.0,00-0039146,17.0,142.0,197.0,20.0,163.0,1.0,75.0,55.0,857.0,6.0,0.0,0.0,0.0,0.0,0.0,0.6272222222222221,0.24826901274559784,11.588235294117647,5.588235294117647,0.6272222222222221,2.0736842105263156,46,45,-1
Rashod Bateman,BAL,WR,220.39,212,13.0,00-0036550,16.0,129.60000000000002,174.60000000000002,0.0,0.0,0.0,72.0,45.0,756.0,9.0,0.0,0.0,0.0,0.0,0.0,0.6763157894736842,0.2316972372463559,10.912500000000001,4.5,0.6763157894736842,2.4250000000000003,47,80,33
Alec Pierce,IND,WR,98.73,93,13.0,00-0037664,16.0,124.4,161.4,0.0,0.0,0.0,69.0,37.0,824.0,7.0,0.0,0.0,0.0,0.0,0.0,0.800625,0.23058939741860512,10.0875,4.3125,0.800625,2.339130434782609,48,41,-7
Jalen McMillan,TB,WR,171.57,163,10.0,00-0039855,13.0,98.4,135.4,4.0,43.0,0.0,58.0,37.0,461.0,8.0,0.0,0.0,0.0,0.0,0.0,0.7221428571428571,0.18461578172526252,10.415384615384616,4.769230769230769,0.7221428571428571,2.1838709677419357,49,62,13
Nick Westbrook-Ikhine,IND,WR,321.44,383,13.0,00-0036182,13.0,103.7,135.7,0.0,0.0,0.0,60.0,32.0,497.0,9.0,0.0,0.0,0.0,0.0,0.0,0.6994117647058824,0.17310016951363627,10.438461538461537,4.615384615384615,0.6994117647058824,2.2616666666666667,50,139,89
Romeo Doubs,NE,WR,131.36,130,11.0,00-0037816,13.0,86.1,132.1,0.0,0.0,0.0,72.0,46.0,601.0,4.0,0.0,0.0,0.0,0.0,0.0,0.7585714285714286,0.16492558539522878,10.161538461538461,5.538461538461538,0.7585714285714286,1.8347222222222221,51,54,3
Jaylen Waddle,DEN,WR,36.44,34,10.0,00-0036613,15.0,91.6,149.6,4.0,12.0,0.0,83.0,58.0,744.0,2.0,0.0,0.0,0.0,0.0,0.0,0.7866666666666667,0.16398112791409225,9.973333333333333,5.8,0.7866666666666667,1.7195402298850575,52,19,-33
Tank Dell,HOU,WR,205.64,199,8.0,00-0038977,14.0,89.0,140.0,9.0,43.0,0.0,81.0,51.0,667.0,3.0,0.0,0.0,0.0,0.0,0.0,0.6892857142857143,0.08138617569798093,10.0,6.428571428571429,0.6892857142857143,1.5555555555555556,53,74,21
Rome Odunze,CHI,WR,57.36,56,10.0,00-0039919,17.0,90.9,144.9,3.0,15.0,0.0,101.0,54.0,734.0,3.0,0.0,0.0,0.0,0.0,0.0,0.8358823529411765,0.0066221317487207415,8.523529411764706,6.117647058823529,0.8358823529411765,1.393269230769231,54,28,-26
Brandon Aiyuk,SF,WR,265.0,301,8.0,00-0036261,7.0,37.400000000000006,62.400000000000006,0.0,0.0,0.0,47.0,25.0,374.0,0.0,0.0,0.0,0.0,0.0,0.0,0.7614285714285715,0.005403406782658202,8.914285714285715,6.714285714285714,0.7614285714285715,1.3276595744680852,55,100,45
Jalen Tolbert,MIA,WR,289.51,326,6.0,00-0037666,17.0,103.0,152.0,0.0,0.0,0.0,79.0,49.0,610.0,7.0,0.0,0.0,0.0,0.0,0.0,0.7576470588235295,-0.006342332768133223,8.941176470588236,4.647058823529412,0.7576470588235295,1.9240506329113924,56,111,55
Chris Olave,NO,WR,19.1,18,8.0,00-0037239,8.0,44.7,76.7,1.0,7.0,0.0,44.0,32.0,400.0,1.0,0.0,0.0,0.0,0.0,0.0,0.6175,-0.0542769629212554,9.5875,5.625,0.6175,1.7044444444444444,57,10,-47
Christian Kirk,SF,WR,257.26,261,8.0,00-0034775,8.0,43.900000000000006,70.9,0.0,0.0,0.0,47.0,27.0,379.0,1.0,0.0,0.0,0.0,0.0,0.0,0.7,-0.07885002014527046,8.8625,5.875,0.7,1.5085106382978724,58,96,38
DeMario Douglas,NE,WR,297.15,327,11.0,00-0038621,16.0,81.7,147.70000000000002,3.0,16.0,0.0,87.0,66.0,621.0,3.0,0.0,0.0,0.0,0.0,0.0,0.6264705882352941,-0.09781722590687546,9.231250000000001,5.625,0.6264705882352941,1.6411111111111114,59,115,56
Tre Tucker,LV,WR,173.26,161,13.0,00-0038563,17.0,82.30000000000001,129.3,9.0,44.0,1.0,81.0,47.0,539.0,3.0,0.0,0.0,0.0,0.0,0.0,0.8723529411764706,-0.10516240113665418,7.605882352941177,5.294117647058823,0.8723529411764706,1.4366666666666668,60,63,3
Keon Coleman,BUF,WR,246.78,252,7.0,00-0039901,13.0,82.5,111.5,1.0,9.0,0.0,57.0,29.0,556.0,4.0,0.0,0.0,0.0,0.0,0.0,0.704375,-0.1090126468113689,8.576923076923077,4.461538461538462,0.704375,1.9224137931034482,61,91,30
Kayshon Boutte,NE,WR,199.62,190,11.0,00-0038608,15.0,78.9,121.9,0.0,0.0,0.0,68.0,43.0,589.0,3.0,0.0,0.0,0.0,0.0,0.0,0.7806666666666666,-0.10914645855646993,8.126666666666667,4.533333333333333,0.7806666666666666,1.7926470588235295,62,73,11
Jalen Coker,CAR,WR,124.46,126,5.0,00-0039491,11.0,60.56,92.56,0.0,0.0,0.0,46.0,32.0,478.0,2.0,1.0,1.0,19.0,0.0,0.0,,-0.1285252668164366,8.414545454545454,4.181818181818182,,2.0121739130434784,63,51,-12
Michael Wilson,ARI,WR,87.57,88,14.0,00-0038559,16.0,77.5,124.5,1.0,7.0,0.0,71.0,47.0,548.0,4.0,0.0,0.0,0.0,0.0,0.0,0.795625,-0.14860045488140244,7.78125,4.5,0.795625,1.7291666666666667,64,40,-24
Xavier Legette,CAR,WR,263.07,272,5.0,00-0039342,15.0,76.10000000000001,125.1,6.0,24.0,0.0,84.0,49.0,497.0,4.0,0.0,0.0,0.0,0.0,0.0,0.698125,-0.1537005370831801,8.34,6.0,0.698125,1.39,65,99,34
Demarcus Robinson,SF,WR,333.3,413,8.0,00-0032775,17.0,92.5,123.5,0.0,0.0,0.0,64.0,31.0,505.0,7.0,0.0,0.0,0.0,0.0,0.0,0.8163157894736842,-0.1873259723335124,7.264705882352941,3.764705882352941,0.8163157894736842,1.9296875,66,149,83
Cedric Tillman,CLE,WR,313.72,334,11.0,00-0038979,9.0,51.4,80.4,1.0,-5.0,0.0,49.0,29.0,339.0,3.0,0.0,0.0,0.0,0.0,0.0,0.5490909090909091,-0.21576653613184651,8.933333333333334,5.555555555555555,0.5490909090909091,1.608,67,130,63
Andrei Iosivas,CIN,WR,278.45,308,6.0,00-0038619,17.0,83.9,119.9,0.0,0.0,0.0,61.0,36.0,479.0,6.0,0.0,0.0,0.0,0.0,0.0,0.7841176470588236,-0.24410518971421324,7.052941176470589,3.588235294117647,0.7841176470588236,1.9655737704918033,68,106,38
Darius Slayton,NYG,WR,267.47,274,8.0,00-0035535,16.0,71.0,110.0,2.0,17.0,0.0,71.0,39.0,573.0,2.0,0.0,0.0,0.0,0.0,0.0,0.8306250000000001,-0.2586461274035275,6.875,4.5625,0.8306250000000001,1.5068493150684932,69,103,34
DeAndre Hopkins,BAL,WR,365.75,475,13.0,00-0030564,16.0,91.0,147.0,0.0,0.0,0.0,80.0,56.0,610.0,5.0,0.0,0.0,0.0,0.0,0.0,0.4584210526315789,-0.26188743017596916,9.1875,5.0,0.4584210526315789,1.8375,70,172,102
Elijah Moore,PHI,WR,336.0,472,10.0,00-0036980,17.0,59.900000000000006,120.9,1.0,1.0,0.0,102.0,61.0,538.0,1.0,0.0,0.0,0.0,0.0,0.0,0.7570588235294117,-0.271756889205442,7.111764705882353,6.0588235294117645,0.7570588235294117,1.1737864077669904,71,152,81
Devaughn Vele,NO,WR,260.19,260,8.0,00-0039424,13.0,65.5,106.5,0.0,0.0,0.0,55.0,41.0,475.0,3.0,0.0,0.0,0.0,0.0,0.0,0.5307142857142857,-0.3283590333057611,8.192307692307692,4.230769230769231,0.5307142857142857,1.9363636363636363,72,98,26
Tyler Lockett,LV,WR,352.33,486,13.0,00-0032211,17.0,72.0,121.0,0.0,0.0,0.0,74.0,49.0,600.0,2.0,0.0,0.0,0.0,0.0,0.0,0.6905882352941176,-0.3516546704676193,7.117647058823529,4.352941176470588,0.6905882352941176,1.635135135135135,73,166,93
Brandin Cooks,FA,WR,312.5,483,,00-0031236,10.0,43.6,69.6,3.0,-3.0,0.0,54.0,26.0,259.0,3.0,0.0,0.0,0.0,0.0,0.0,0.6980000000000001,-0.35991287692836044,6.959999999999999,5.7,0.6980000000000001,1.2210526315789472,74,127,53
KaVontae Turpin,DAL,WR,314.94,378,14.0,00-0037801,15.0,73.2,104.2,16.0,92.0,0.0,52.0,31.0,420.0,2.0,0.0,0.0,0.0,0.0,0.0,,-0.37202945204384447,6.946666666666667,4.533333333333333,,1.5323529411764707,75,132,57
Joshua Palmer,BUF,WR,311.92,357,7.0,00-0036988,15.0,68.4,107.4,0.0,0.0,0.0,65.0,39.0,584.0,1.0,0.0,0.0,0.0,0.0,0.0,0.66,-0.3737580390628857,7.16,4.333333333333333,0.66,1.6523076923076925,76,126,50
Christian Watson,GB,WR,57.79,58,11.0,00-0038124,14.0,76.3,105.3,4.0,23.0,0.0,53.0,29.0,620.0,2.0,0.0,0.0,0.0,0.0,0.0,0.5906666666666667,-0.3741233808520893,7.521428571428571,4.071428571428571,0.5906666666666667,1.8473684210526315,77,29,-48
Parker Washington,JAC,WR,66.42,63,7.0,00-0038606,13.0,65.0,97.0,0.0,0.0,0.0,51.0,32.0,390.0,3.0,0.0,0.0,0.0,0.0,0.0,0.5529411764705883,-0.41386864421022734,7.461538461538462,3.923076923076923,0.5529411764705883,1.9019607843137254,78,30,-48
Jalen Nailor,LV,WR,187.78,175,13.0,00-0037291,15.0,77.0,105.0,3.0,-4.0,0.0,42.0,28.0,414.0,6.0,0.0,0.0,0.0,0.0,0.0,0.5311111111111111,-0.4426677680226348,7.0,3.0,0.5311111111111111,2.3333333333333335,79,68,-11
Calvin Austin III,NYG,WR,313.03,340,8.0,00-0037837,17.0,84.8,120.8,0.0,0.0,0.0,58.0,36.0,548.0,4.0,0.0,0.0,0.0,0.0,0.0,0.5466666666666666,-0.44941221436403694,7.105882352941176,3.411764705882353,0.5466666666666666,2.0827586206896553,80,128,48
Mack Hollins,NE,WR,278.99,303,11.0,00-0033555,16.0,67.8,98.8,0.0,0.0,0.0,50.0,31.0,378.0,5.0,0.0,0.0,0.0,0.0,0.0,0.6599999999999999,-0.48502201878371864,6.175,3.125,0.6599999999999999,1.976,81,107,26
Jordan Whittington,LAR,WR,353.08,415,11.0,00-0039751,6.0,30.5,52.5,2.0,12.0,0.0,28.0,22.0,293.0,0.0,0.0,0.0,0.0,0.0,0.0,0.2788235294117647,-0.5000758748757773,8.75,5.0,0.2788235294117647,1.75,82,167,85
Olamide Zaccheaus,ATL,WR,309.81,339,11.0,00-0035208,15.0,69.4,114.4,1.0,8.0,0.0,64.0,45.0,506.0,3.0,0.0,0.0,0.0,0.0,0.0,0.4495,-0.5002360110014656,7.626666666666667,4.333333333333333,0.4495,1.76,83,122,39
Tim Patrick,NYJ,WR,355.5,470,13.0,00-0033375,15.0,59.400000000000006,92.4,0.0,0.0,0.0,44.0,33.0,394.0,3.0,0.0,0.0,0.0,0.0,0.0,0.5823529411764706,-0.5438290558125631,6.16,2.933333333333333,0.5823529411764706,2.1,84,169,85
Marquez Valdes-Scantling,DAL,WR,375.0,495,14.0,00-0034272,13.0,65.5,84.5,1.0,4.0,0.0,44.0,19.0,411.0,4.0,0.0,0.0,0.0,0.0,0.0,0.5435714285714286,-0.5623523757230966,6.5,3.4615384615384617,0.5435714285714286,1.8777777777777778,85,173,88
Marvin Mims Jr.,DEN,WR,265.33,277,10.0,00-0038976,16.0,90.5,129.5,13.0,42.0,0.0,52.0,39.0,503.0,6.0,0.0,0.0,0.0,0.0,0.0,0.2927777777777777,-0.5645750027730689,8.09375,4.0625,0.2927777777777777,1.9923076923076923,86,101,15
Dontayvion Wicks,PHI,WR,195.11,179,10.0,00-0038393,17.0,71.5,110.5,0.0,0.0,0.0,76.0,39.0,415.0,5.0,0.0,0.0,0.0,0.0,0.0,0.5594444444444444,-0.5764950266144467,6.5,4.470588235294118,0.5594444444444444,1.4539473684210527,87,71,-16
Kendrick Bourne,ARI,WR,309.96,363,14.0,00-0033307,12.0,37.1,65.1,1.0,6.0,0.0,38.0,28.0,305.0,1.0,0.0,1.0,0.0,0.0,0.0,0.5833333333333334,-0.7031649479917823,5.425,3.25,0.5833333333333334,1.669230769230769,88,123,35
Tutu Atwell,MIA,WR,326.21,376,6.0,00-0036849,15.0,56.900000000000006,98.9,2.0,7.0,0.0,62.0,42.0,562.0,0.0,0.0,1.0,0.0,0.0,0.0,0.3515789473684211,-0.7584260034272664,6.593333333333334,4.266666666666667,0.3515789473684211,1.5453125,89,143,54
John Metchie III,CAR,WR,326.47,382,5.0,00-0037614,10.0,31.40000000000001,55.400000000000006,0.0,0.0,0.0,37.0,24.0,254.0,1.0,0.0,0.0,0.0,0.0,0.0,0.472,-0.8067014487470126,5.540000000000001,3.7,0.472,1.4972972972972975,90,144,54
Van Jefferson,WAS,WR,341.0,476,7.0,00-0036415,15.0,39.6,63.6,0.0,0.0,0.0,40.0,24.0,276.0,2.0,0.0,0.0,0.0,0.0,0.0,0.6522222222222223,-0.8233301273095355,4.24,2.6666666666666665,0.6522222222222223,1.59,91,160,69
JuJu Smith-Schuster,FA,WR,383.5,518,,00-0033857,11.0,35.1,53.1,0.0,0.0,0.0,26.0,18.0,231.0,2.0,0.0,0.0,0.0,0.0,0.0,0.4741176470588235,-0.8413386549498649,4.827272727272727,2.3636363636363638,0.4741176470588235,2.042307692307692,92,176,84
Kalif Raymond,CHI,WR,318.56,374,10.0,00-0032464,10.0,39.5,56.5,2.0,0.0,0.0,22.0,17.0,215.0,2.0,0.0,0.0,0.0,0.0,0.0,0.2823076923076923,-0.8582241253452899,5.65,2.4,0.2823076923076923,2.3541666666666665,93,134,41
Cedrick Wilson Jr.,DET,WR,320.5,489,6.0,00-0034418,10.0,31.94,51.94,0.0,0.0,0.0,27.0,20.0,211.0,1.0,1.0,1.0,21.0,1.0,0.0,0.396,-0.8832086591240363,5.194,2.7,0.396,1.9237037037037037,94,136,42
Greg Dortch,DET,WR,339.14,429,6.0,00-0035500,17.0,53.3,90.3,5.0,31.0,0.0,50.0,37.0,342.0,3.0,0.0,0.0,0.0,0.0,0.0,0.4023529411764706,-0.8957867032946456,5.311764705882353,3.235294117647059,0.4023529411764706,1.6418181818181818,95,158,63
Lil'Jordan Humphrey,DEN,WR,389.0,519,10.0,00-0035406,14.0,33.3,64.3,0.0,0.0,0.0,45.0,31.0,293.0,1.0,0.0,0.0,0.0,0.0,0.0,0.4811111111111111,-0.9495550199899246,4.5928571428571425,3.2142857142857144,0.4811111111111111,1.4288888888888889,96,178,82
Dyami Brown,WAS,WR,383.78,450,7.0,00-0036626,15.0,37.4,67.4,3.0,26.0,0.0,40.0,30.0,308.0,1.0,0.0,1.0,0.0,0.0,0.0,0.48,-0.9524092015675506,4.493333333333334,2.8666666666666667,0.48,1.5674418604651164,97,177,80
Malik Washington,MIA,WR,190.88,178,6.0,00-0039880,12.0,30.8,56.8,5.0,25.0,1.0,36.0,26.0,223.0,0.0,0.0,0.0,0.0,0.0,0.0,0.4471428571428571,-0.9630474366784098,4.733333333333333,3.4166666666666665,0.4471428571428571,1.3853658536585365,98,69,-29
Devontez Walker,BAL,WR,326.75,396,13.0,00-0039792,2.0,8.1,9.1,0.0,0.0,0.0,3.0,1.0,21.0,1.0,0.0,0.0,0.0,0.0,0.0,0.0863636363636363,-1.0508034844198861,4.55,1.5,0.0863636363636363,3.033333333333333,99,145,46
Isaiah Williams,NYJ,WR,268.0,436,13.0,00-0039451,1.0,0.6000000000000001,2.6,0.0,0.0,0.0,3.0,2.0,6.0,0.0,0.0,0.0,0.0,0.0,0.0,,-1.1033078597633277,2.6,3.0,,0.8666666666666667,100,104,4
Troy Franklin,DEN,WR,208.65,206,10.0,00-0039868,16.0,39.1,67.1,2.0,8.0,0.0,53.0,28.0,263.0,2.0,0.0,0.0,0.0,0.0,0.0,0.3764705882352941,-1.1259514294068138,4.19375,3.4375,0.3764705882352941,1.22,101,76,-25
Jahan Dotson,ATL,WR,283.88,323,11.0,00-0037741,14.0,22.9,41.9,1.0,13.0,0.0,33.0,19.0,216.0,0.0,0.0,0.0,0.0,0.0,0.0,0.5823809523809524,-1.127103388066983,2.992857142857143,2.4285714285714284,0.5823809523809524,1.2323529411764707,102,109,7
Xavier Smith,LAR,WR,299.0,449,11.0,00-0038359,3.0,4.2,6.2,4.0,36.0,0.0,2.0,2.0,6.0,0.0,0.0,0.0,0.0,0.0,0.0,,-1.1936023262763664,2.066666666666667,2.0,,1.0333333333333334,103,116,13
Jacob Cowing,SF,WR,354.0,463,8.0,00-0039365,3.0,8.7,12.7,1.0,7.0,0.0,6.0,4.0,80.0,0.0,0.0,0.0,0.0,0.0,0.0,0.104,-1.3163219309839762,4.233333333333333,2.3333333333333335,0.104,1.8142857142857143,104,168,64
Adonai Mitchell,NYJ,WR,170.71,160,13.0,00-0039890,17.0,30.76,53.76,4.0,6.0,0.0,55.0,23.0,312.0,0.0,1.0,1.0,24.0,0.0,0.0,0.361764705882353,-1.3209240663665498,3.1623529411764704,3.4705882352941178,0.361764705882353,0.9111864406779661,105,61,-44
Luke McCaffrey,WAS,WR,321.03,344,7.0,00-0039355,12.0,16.8,34.8,0.0,0.0,0.0,24.0,18.0,168.0,0.0,0.0,0.0,0.0,0.0,0.0,0.3355,-1.3500863361907747,2.9,2.0,0.3355,1.45,106,138,32
Scotty Miller,CHI,WR,322.5,491,10.0,00-0035298,4.0,6.9,11.9,0.0,0.0,0.0,9.0,5.0,69.0,0.0,0.0,0.0,0.0,0.0,0.0,0.25,-1.4375069168476706,2.975,2.25,0.25,1.3222222222222222,107,140,33
Jermaine Burton,FA,WR,390.5,512,,00-0039810,4.0,10.7,14.7,0.0,0.0,0.0,14.0,4.0,107.0,0.0,0.0,0.0,0.0,0.0,0.0,0.1349999999999999,-1.4478742337223758,3.675,3.5,0.1349999999999999,1.05,108,179,71
Xavier Hutchinson,HOU,WR,305.5,355,8.0,00-0038618,14.0,11.7,23.7,0.0,0.0,0.0,26.0,12.0,117.0,0.0,0.0,0.0,0.0,0.0,0.0,0.4738888888888888,-1.4903110907968509,1.6928571428571428,1.8571428571428572,0.4738888888888888,0.9115384615384615,109,119,10
Treylon Burks,WAS,WR,325.44,365,7.0,00-0037742,5.0,3.5,7.5,2.0,1.0,0.0,8.0,4.0,34.0,0.0,0.0,0.0,0.0,0.0,0.0,0.474,-1.540095898009123,1.5,2.0,0.474,0.75,110,142,32
Ryan Flournoy,DAL,WR,183.81,177,14.0,00-0039410,7.0,8.200000000000001,18.200000000000003,0.0,0.0,0.0,14.0,10.0,102.0,0.0,0.0,0.0,0.0,0.0,0.0,0.2,-1.548675926110663,2.6000000000000005,2.0,0.2,1.3000000000000003,111,67,-44
Tyquan Thornton,KC,WR,265.55,273,5.0,00-0038104,4.0,4.7,8.7,0.0,0.0,0.0,8.0,4.0,47.0,0.0,0.0,0.0,0.0,0.0,0.0,0.295,-1.5557440879716418,2.175,2.0,0.295,1.0875,112,102,-10
Jalen Reagor,MIA,WR,306.0,478,6.0,00-0036387,7.0,7.7,14.7,3.0,-3.0,0.0,12.0,7.0,100.0,0.0,0.0,0.0,0.0,0.0,0.0,0.2825,-1.5917174119284931,2.1,2.142857142857143,0.2825,0.98,113,120,7
Ashton Dulin,IND,WR,314.4,400,13.0,00-0035021,9.0,17.2,19.2,5.0,45.0,0.0,8.0,2.0,67.0,1.0,0.0,0.0,0.0,0.0,0.0,0.1986666666666666,-1.5951605323395441,2.1333333333333333,1.4444444444444444,0.1986666666666666,1.4769230769230768,114,131,17
Odell Beckham Jr.,NYG,WR,335.2,443,8.0,00-0031235,8.0,5.5,14.5,0.0,0.0,0.0,19.0,9.0,55.0,0.0,0.0,0.0,0.0,0.0,0.0,0.2022222222222222,-1.7350287405360985,1.8125,2.375,0.2022222222222222,0.7631578947368421,115,151,36
Tetairoa McMillan,CAR,WR,34.0,32,5.0,,,,,,,,,,,,,,,,,,-1.7450287405360985,,,,,116,17,-99
Emeka Egbuka,TB,WR,39.49,39,10.0,,,,,,,,,,,,,,,,,,-1.7550287405360985,,,,,117,21,-96
Luther Burden III,CHI,WR,47.35,47,10.0,,,,,,,,,,,,,,,,,,-1.7650287405360985,,,,,118,23,-95
Carnell Tate,TEN,WR,66.5,64,9.0,,,,,,,,,,,,,,,,,,-1.7750287405360985,,,,,119,31,-88
Makai Lemon,PHI,WR,106.79,106,10.0,,,,,,,,,,,,,,,,,,-1.7850287405360985,,,,,120,46,-74
KC Concepcion,CLE,WR,122.57,123,11.0,,,,,,,,,,,,,,,,,,-1.7950287405360985,,,,,121,49,-72
Jordyn Tyson,NO,WR,124.15,125,8.0,,,,,,,,,,,,,,,,,,-1.8050287405360985,,,,,122,50,-72
Matthew Golden,GB,WR,129.46,128,11.0,,,,,,,,,,,,,,,,,,-1.8150287405360985,,,,,123,53,-70
De'Zhaun Stribling,SF,WR,151.31,142,8.0,,,,,,,,,,,,,,,,,,-1.8250287405360985,,,,,124,57,-67
Denzel Boston,CLE,WR,152.65,145,11.0,,,,,,,,,,,,,,,,,,-1.8350287405360985,,,,,125,58,-67
Travis Hunter,JAC,WR,178.11,171,7.0,,,,,,,,,,,,,,,,,,-1.8450287405360986,,,,,126,64,-62
Tre' Harris,LAC,WR,179.15,167,7.0,,,,,,,,,,,,,,,,,,-1.8550287405360986,,,,,127,65,-62
Omar Cooper Jr.,NYJ,WR,180.52,168,13.0,,,,,,,,,,,,,,,,,,-1.8650287405360984,,,,,128,66,-62
Pat Bryant,DEN,WR,193.93,182,10.0,,,,,,,,,,,,,,,,,,-1.8750287405360986,,,,,129,70,-59
Jaylin Noel,HOU,WR,197.06,187,8.0,,,,,,,,,,,,,,,,,,-1.8850287405360984,,,,,130,72,-58
Isaac TeSlaa,DET,WR,212.3,209,6.0,,,,,,,,,,,,,,,,,,-1.8950287405360984,,,,,131,77,-54
Caleb Douglas,MIA,WR,225.23,267,6.0,,,,,,,,,,,,,,,,,,-1.9050287405360984,,,,,132,81,-51
Zachariah Branch,ATL,WR,226.88,226,11.0,,,,,,,,,,,,,,,,,,-1.9150287405360984,,,,,133,83,-50
Cyrus Allen,KC,WR,228.7,282,5.0,,,,,,,,,,,,,,,,,,-1.9250287405360984,,,,,134,84,-50
Antonio Williams,WAS,WR,229.11,230,7.0,,,,,,,,,,,,,,,,,,-1.9350287405360984,,,,,135,85,-50
Germie Bernard,PIT,WR,233.87,233,9.0,,,,,,,,,,,,,,,,,,-1.9450287405360984,,,,,136,86,-50
Jack Bech,LV,WR,238.44,239,13.0,,,,,,,,,,,,,,,,,,-1.9550287405360984,,,,,137,87,-50
Chimere Dike,TEN,WR,238.49,241,9.0,,,,,,,,,,,,,,,,,,-1.9650287405360984,,,,,138,88,-50
Ted Hurst III,TB,WR,243.02,248,10.0,,,,,,,,,,,,,,,,,,-1.9750287405360984,,,,,139,89,-50
Malachi Fields,NYG,WR,246.59,253,8.0,,,,,,,,,,,,,,,,,,-1.9850287405360985,,,,,140,90,-50
Ja'Kobi Lane,BAL,WR,248.04,259,13.0,,,,,,,,,,,,,,,,,,-1.9950287405360985,,,,,141,92,-49
Elic Ayomanor,TEN,WR,248.54,250,9.0,,,,,,,,,,,,,,,,,,-2.0050287405360985,,,,,142,93,-49
Chris Bell,MIA,WR,249.49,254,6.0,,,,,,,,,,,,,,,,,,-2.0150287405360983,,,,,143,94,-49
Tory Horton,SEA,WR,255.22,257,11.0,,,,,,,,,,,,,,,,,,-2.0250287405360985,,,,,144,95,-49
Elijah Sarratt,BAL,WR,259.66,265,13.0,,,,,,,,,,,,,,,,,,-2.0350287405360983,,,,,145,97,-48
Kyle Williams,NE,WR,279.14,298,11.0,,,,,,,,,,,,,,,,,,-2.0450287405360985,,,,,146,108,-38
Hollywood Brown,PHI,WR,288.18,300,10.0,,,,,,,,,,,,,,,,,,-2.0550287405360983,,,,,147,110,-37
Skyler Bell,BUF,WR,289.97,307,7.0,,,,,,,,,,,,,,,,,,-2.0650287405360985,,,,,148,112,-36
Isaiah Bond,CLE,WR,292.0,304,11.0,,,,,,,,,,,,,,,,,,-2.0750287405360983,,,,,149,113,-36
Chris Brazzell II,CAR,WR,292.47,341,5.0,,,,,,,,,,,,,,,,,,-2.0850287405360985,,,,,150,114,-36
Konata Mumpfield,LAR,WR,301.77,333,11.0,,,,,,,,,,,,,,,,,,-2.0950287405360983,,,,,151,117,-34
Bryce Lance,NO,WR,303.25,332,8.0,,,,,,,,,,,,,,,,,,-2.1050287405360986,,,,,152,118,-34
Barion Brown,NO,WR,309.0,439,8.0,,,,,,,,,,,,,,,,,,-2.1150287405360984,,,,,153,121,-32
Roman Wilson,PIT,WR,310.15,390,9.0,,,,,,,,,,,,,,,,,,-2.1250287405360986,,,,,154,124,-30
Tez Johnson,TB,WR,311.58,336,10.0,,,,,,,,,,,,,,,,,,-2.1350287405360984,,,,,155,125,-30
Jalen Royals,KC,WR,313.53,337,5.0,,,,,,,,,,,,,,,,,,-2.1450287405360986,,,,,156,129,-27
Brenen Thompson,LAC,WR,315.71,356,7.0,,,,,,,,,,,,,,,,,,-2.1550287405360984,,,,,157,133,-24
Malik Benson,LV,WR,318.67,373,13.0,,,,,,,,,,,,,,,,,,-2.1650287405360986,,,,,158,135,-23
Reggie Virgil,ARI,WR,320.5,488,14.0,,,,,,,,,,,,,,,,,,-2.1750287405360984,,,,,159,136,-23
Kevin Coleman Jr.,MIA,WR,325.1,372,6.0,,,,,,,,,,,,,,,,,,-2.1850287405360986,,,,,160,141,-19
Mitch Tinsley,CIN,WR,328.0,464,6.0,,,,,,,,,,,,,,,,,,-2.1950287405360984,,,,,161,146,-15
Dont'e Thornton Jr.,LV,WR,330.65,385,13.0,,,,,,,,,,,,,,,,,,-2.2050287405360987,,,,,162,147,-15
Jordan Watkins,SF,WR,333.0,497,8.0,,,,,,,,,,,,,,,,,,-2.2150287405360984,,,,,163,148,-15
Jahdae Walker,CHI,WR,334.0,469,10.0,,,,,,,,,,,,,,,,,,-2.2250287405360982,,,,,164,150,-14
Xavier Restrepo,TEN,WR,336.0,456,9.0,,,,,,,,,,,,,,,,,,-2.2350287405360985,,,,,165,152,-13
Zavion Thomas,CHI,WR,337.06,387,10.0,,,,,,,,,,,,,,,,,,-2.2450287405360987,,,,,166,154,-12
CJ Daniels,LAR,WR,337.54,398,11.0,,,,,,,,,,,,,,,,,,-2.2550287405360985,,,,,167,155,-12
Theo Wease Jr.,MIA,WR,338.0,473,6.0,,,,,,,,,,,,,,,,,,-2.2650287405360983,,,,,168,156,-12
Michael Woods II,DEN,WR,338.0,500,10.0,,,,,,,,,,,,,,,,,,-2.2650287405360983,,,,,168,156,-12
Savion Williams,GB,WR,340.0,377,11.0,,,,,,,,,,,,,,,,,,-2.2850287405360987,,,,,170,159,-11
Colbie Young,CIN,WR,341.0,425,6.0,,,,,,,,,,,,,,,,,,-2.2950287405360985,,,,,171,160,-11
Jaylin Lane,WAS,WR,347.16,391,7.0,,,,,,,,,,,,,,,,,,-2.3050287405360983,,,,,172,162,-10
David Sills V,TB,WR,349.0,504,10.0,,,,,,,,,,,,,,,,,,-2.3150287405360985,,,,,173,163,-10
Tai Felton,MIN,WR,350.6,447,6.0,,,,,,,,,,,,,,,,,,-2.3250287405360983,,,,,174,164,-10
Juice Wells Jr.,ATL,WR,351.0,474,11.0,,,,,,,,,,,,,,,,,,-2.3350287405360985,,,,,175,165,-10
Jimmy Horn Jr.,CAR,WR,356.67,494,5.0,,,,,,,,,,,,,,,,,,-2.3450287405360983,,,,,176,170,-6
Deion Burks,IND,WR,365.56,431,13.0,,,,,,,,,,,,,,,,,,-2.3550287405360986,,,,,177,171,-6
Josh Cameron,JAC,WR,375.5,515,7.0,,,,,,,,,,,,,,,,,,-2.3650287405360984,,,,,178,174,-4
Kendrick Law,DET,WR,378.5,516,6.0,,,,,,,,,,,,,,,,,,-2.3750287405360986,,,,,179,175,-4
