player_id,player_name,position,team,games,fantasy_points,fantasy_points_ppr,carries,rushing_yards,rushing_tds,targets,receptions,receiving_yards,receiving_tds,completions,attempts,passing_yards,passing_tds,interceptions,snap_pct
00-0023459,Aaron Rodgers,QB,NYJ,17,256.58,256.58,22,107.0,0,0,0,0.0,0,368,584,3897.0,28,11.0,0.9635294117647059
00-0024243,Marcedes Lewis,TE,CHI,1,0.2,1.2,0,0.0,0,1,1,2.0,0,0,0,0.0,0,0.0,0.19176470588235295
00-0026158,Joe Flacco,QB,IND,7,99.04,99.04,9,26.0,0,0,0,0.0,0,162,248,1761.0,12,7.0,0.8525
00-0026300,Josh Johnson,QB,BAL,4,0.78,0.78,4,1.0,0,0,0,0.0,0,2,3,17.0,0,0.0,0.09833333333333333
00-0026498,Matthew Stafford,QB,LA,16,214.58,214.58,30,41.0,0,0,0,0.0,0,340,517,3762.0,20,8.0,1.0
00-0027973,Andy Dalton,QB,CAR,6,58.96,58.96,11,34.0,0,0,0,0.0,0,106,160,989.0,7,6.0,0.81
00-0028118,Tyrod Taylor,QB,NYJ,2,20.06,20.06,3,13.0,0,0,0,0.0,0,17,22,119.0,3,0.0,0.31
00-0029263,Russell Wilson,QB,PIT,11,172.78,172.78,43,155.0,2,0,0,0.0,0,214,336,2482.0,16,5.0,0.9808333333333333
00-0029604,Kirk Cousins,QB,ATL,14,176.32,176.32,23,0.0,0,0,0,0.0,0,303,453,3508.0,18,16.0,0.9771428571428571
00-0029892,Kyle Juszczyk,RB,SF,14,38.6,57.6,5,26.0,1,31,19,200.0,2,0,0,0.0,0,0.0,0.49470588235294116
00-0030035,Adam Thielen,WR,CAR,10,91.5,139.5,0,0.0,0,62,48,615.0,5,0,0,0.0,0,0.0,0.708
00-0030061,Zach Ertz,TE,WAS,17,111.4,177.4,0,0.0,0,91,66,654.0,7,0,0,0.0,0,0.0,0.674
00-0030279,Keenan Allen,WR,CHI,15,114.4,184.4,0,0.0,0,121,70,744.0,7,0,1,0.0,0,1.0,0.868
00-0030431,Robert Woods,WR,HOU,12,18.3,38.3,0,0.0,0,30,20,203.0,0,0,0,0.0,0,0.0,0.3623529411764706
00-0030506,Travis Kelce,TE,KC,16,98.4,195.4,1,1.0,0,133,97,823.0,3,0,0,0.0,0,0.0,0.8505263157894737
00-0030564,DeAndre Hopkins,WR,KC,16,91.0,147.0,0,0.0,0,80,56,610.0,5,0,0,0.0,0,0.0,0.4584210526315789
00-0030565,Geno Smith,QB,SEA,17,266.0,266.0,53,272.0,2,0,0,0.0,0,407,578,4320.0,21,15.0,0.9747058823529412
00-0030578,Cordarrelle Patterson,RB,PIT,13,25.500000000000004,37.5,32,135.0,0,14,12,80.0,1,0,0,0.0,0,0.0,0.11714285714285715
00-0031235,Odell Beckham Jr.,WR,MIA,8,5.5,14.5,0,0.0,0,19,9,55.0,0,0,0,0.0,0,0.0,0.20222222222222222
00-0031236,Brandin Cooks,WR,DAL,10,43.6,69.6,3,-3.0,0,54,26,259.0,3,0,0,0.0,0,0.0,0.6980000000000001
00-0031280,Derek Carr,QB,NO,10,150.9,150.9,17,71.0,1,0,0,0.0,0,189,279,2145.0,15,5.0,0.944
00-0031299,Jordan Matthews,TE,CAR,1,0.0,0.0,0,0.0,0,1,0,0.0,0,0,0,0.0,0,0.0,0.115
00-0031345,Jimmy Garoppolo,QB,LA,1,19.86,19.86,2,5.0,0,0,0,0.0,0,27,41,334.0,2,1.0,1.0
00-0031381,Davante Adams,WR,NYJ,14,156.3,241.29999999999998,0,0.0,0,141,85,1063.0,8,0,0,0.0,0,0.0,0.9178571428571428
00-0031408,Mike Evans,WR,TB,14,166.4,240.4,0,0.0,0,110,74,1004.0,11,0,0,0.0,0,0.0,0.722
00-0031428,Allen Robinson,WR,DET,6,3.0,6.0,0,0.0,0,7,3,30.0,0,0,0,0.0,0,0.0,0.12
00-0031484,Chris Manhertz,TE,NYG,4,9.0,12.0,0,0.0,0,4,3,30.0,1,0,0,0.0,0,0.0,0.30823529411764705
00-0031503,Jameis Winston,QB,CLE,11,131.14,131.14,25,83.0,1,0,0,0.0,0,181,296,2121.0,13,12.0,0.585
00-0031544,Amari Cooper,WR,BUF,13,78.7,122.7,0,0.0,0,85,44,547.0,4,0,0,0.0,0,0.0,0.5947058823529412
00-0031549,Nelson Agholor,WR,BAL,13,35.1,49.1,0,0.0,0,29,14,231.0,2,0,0,0.0,0,0.0,0.444375
00-0031585,MyCole Pruitt,TE,PIT,6,10.0,16.0,0,0.0,0,10,6,40.0,1,0,0,0.0,0,0.0,0.3315384615384615
00-0031588,Stefon Diggs,WR,HOU,8,74.92,121.92,3,8.0,1,64,47,496.0,3,1,1,13.0,0,0.0,0.7837500000000001
00-0031595,Michael Burton,RB,DEN,11,19.3,29.3,7,8.0,1,10,10,65.0,1,0,0,0.0,0,0.0,0.15222222222222223
00-0031687,Raheem Mostert,RB,MIA,12,51.900000000000006,70.9,85,278.0,2,23,19,161.0,0,0,0,0.0,0,0.0,0.31384615384615383
00-0031690,Eric Tomlinson,TE,LAC,4,0.9000000000000001,2.9000000000000004,0,0.0,0,4,2,9.0,0,0,0,0.0,0,0.0,0.23111111111111113
00-0031763,DeAndre Carter,WR,CHI,5,7.2,16.2,0,0.0,0,14,9,72.0,0,0,0,0.0,0,0.0,0.13999999999999999
00-0031800,Taylor Heinicke,QB,LAC,4,3.12,3.12,2,20.0,0,0,0,0.0,0,3,5,28.0,0,0.0,0.0975
00-0031941,Jamison Crowder,WR,WAS,4,19.2,28.2,0,0.0,0,13,9,72.0,2,0,0,0.0,0,0.0,0.28
00-0032104,Ameer Abdullah,RB,LV,13,85.2,125.2,66,311.0,2,47,40,261.0,3,0,0,0.0,0,0.0,0.369375
00-0032128,Chris Conley,WR,SF,7,7.6000000000000005,13.6,0,0.0,0,12,6,76.0,0,0,0,0.0,0,0.0,0.23733333333333334
00-0032141,Geoff Swaim,TE,CLE,1,0.7000000000000001,1.7000000000000002,0,0.0,0,1,1,7.0,0,0,0,0.0,0,0.0,0.2625
00-0032211,Tyler Lockett,WR,SEA,17,72.0,121.0,0,0.0,0,74,49,600.0,2,0,0,0.0,0,0.0,0.6905882352941176
00-0032268,Marcus Mariota,QB,WAS,3,45.760000000000005,45.760000000000005,18,92.0,1,0,0,0.0,0,34,44,364.0,4,0.0,0.26833333333333337
00-0032385,Sterling Shepard,WR,TB,13,48.300000000000004,80.3,8,69.0,0,51,32,334.0,1,0,0,0.0,0,0.0,0.5346666666666666
00-0032392,Austin Hooper,TE,NE,17,63.6,108.60000000000001,0,0.0,0,59,45,476.0,3,0,0,0.0,0,0.0,0.5252941176470588
00-0032394,Nick Vannett,TE,TEN,12,31.5,48.5,0,0.0,0,20,17,135.0,3,0,0,0.0,0,0.0,0.36058823529411765
00-0032434,Brandon Allen,QB,SF,3,6.360000000000001,6.360000000000001,3,4.0,0,0,0,0.0,0,17,30,199.0,1,2.0,0.36000000000000004
00-0032464,Kalif Raymond,WR,DET,10,39.5,56.5,2,0.0,0,22,17,215.0,2,0,0,0.0,0,0.0,0.2823076923076923
00-0032688,Robbie Chosen,WR,MIA,1,0.5,1.5,0,0.0,0,4,1,5.0,0,0,0,0.0,0,0.0,0.195
00-0032764,Derrick Henry,RB,BAL,17,317.40000000000003,336.40000000000003,325,1921.0,16,22,19,193.0,2,0,0,0.0,0,0.0,0.5768421052631578
00-0032775,Demarcus Robinson,WR,LA,17,92.5,123.5,0,0.0,0,64,31,505.0,7,0,0,0.0,0,0.0,0.8163157894736842
00-0032918,C.J. Ham,RB,MIN,5,8.5,13.5,2,10.0,1,6,5,35.0,0,0,0,0.0,0,0.0,0.23444444444444443
00-0032950,Carson Wentz,QB,KC,2,4.72,4.72,3,0.0,0,0,0,0.0,0,12,19,118.0,0,0.0,0.3233333333333333
00-0033009,Tyler Boyd,WR,TEN,15,39.300000000000004,78.3,1,3.0,0,57,39,390.0,0,0,1,0.0,0,0.0,0.6224999999999999
00-0033040,Tyreek Hill,WR,MIA,17,137.2,218.2,8,53.0,0,122,81,959.0,6,0,0,0.0,0,0.0,0.7988235294117647
00-0033045,Ezekiel Elliott,RB,LAC,15,45.5,57.5,74,226.0,3,15,12,69.0,0,0,0,0.0,0,0.0,0.25266666666666665
00-0033077,Dak Prescott,QB,DAL,8,116.52,116.52,13,54.0,1,0,0,0.0,0,185,286,1978.0,11,8.0,0.91125
00-0033090,Hunter Henry,TE,NE,16,79.4,145.4,0,0.0,0,97,66,674.0,2,0,0,0.0,0,0.0,0.80625
00-0033106,Jared Goff,QB,DET,17,323.46000000000004,324.46000000000004,35,56.0,0,1,1,7.0,1,390,539,4629.0,37,12.0,0.9705555555555555
00-0033110,Tyler Higbee,TE,LA,3,18.6,26.6,0,0.0,0,12,8,66.0,2,0,0,0.0,0,0.0,0.40599999999999997
00-0033119,Jacoby Brissett,QB,NE,7,45.24,45.24,15,62.0,0,0,0,0.0,0,95,161,826.0,2,1.0,0.69875
00-0033217,Mo Alie-Cox,TE,IND,12,20.7,32.7,0,0.0,0,22,12,147.0,1,0,0,0.0,0,0.0,0.43823529411764706
00-0033246,Johnny Mundt,TE,MIN,13,26.2,45.2,0,0.0,0,27,19,142.0,2,0,0,0.0,0,0.0,0.3927777777777778
00-0033280,Christian McCaffrey,RB,SF,4,32.800000000000004,47.800000000000004,50,202.0,0,19,15,146.0,0,0,0,0.0,0,0.0,0.7224999999999999
00-0033282,Curtis Samuel,WR,BUF,14,32.7,63.7,5,14.0,0,46,31,253.0,1,0,0,0.0,0,0.0,0.3941176470588235
00-0033288,George Kittle,TE,SF,15,158.6,236.60000000000002,0,0.0,0,94,78,1106.0,8,0,0,0.0,0,0.0,0.866
00-0033292,Trent Taylor,WR,SF,1,1.1,2.1,0,0.0,0,1,1,11.0,0,0,0,0.0,0,0.0,0.095
00-0033293,Aaron Jones,RB,MIN,17,190.60000000000002,241.6,255,1138.0,5,62,51,408.0,2,0,0,0.0,0,0.0,0.6372222222222222
00-0033307,Kendrick Bourne,WR,NE,12,37.1,65.1,1,6.0,0,38,28,305.0,1,0,1,0.0,0,0.0,0.5833333333333334
00-0033319,Nick Mullens,QB,MIN,4,1.32,1.32,3,-2.0,0,0,0,0.0,0,2,2,38.0,0,0.0,0.025
00-0033357,Taysom Hill,TE,NO,8,79.34,102.34,39,278.0,6,31,23,187.0,0,2,4,21.0,0,1.0,0.425
00-0033375,Tim Patrick,WR,DET,15,59.400000000000006,92.4,0,0.0,0,44,33,394.0,3,0,0,0.0,0,0.0,0.5823529411764706
00-0033376,Patrick Ricard,RB,BAL,5,8.2,11.2,0,0.0,0,5,3,22.0,1,0,0,0.0,0,0.0,0.4036842105263158
00-0033439,Pharaoh Brown,TE,SEA,8,4.5,12.5,0,0.0,0,12,8,65.0,0,0,0,0.0,0,0.0,0.27799999999999997
00-0033460,John Ross,WR,PHI,1,0.6000000000000001,1.6,0,0.0,0,2,1,6.0,0,0,0,0.0,0,0.0,0.21
00-0033526,Samaje Perine,RB,KC,17,53.4,81.4,20,92.0,1,35,28,322.0,1,0,0,0.0,0,0.0,0.2575
00-0033536,Mike Williams,WR,PIT,13,35.800000000000004,56.8,0,0.0,0,34,21,298.0,1,0,0,0.0,0,0.0,0.3957894736842105
00-0033537,Deshaun Watson,QB,CLE,7,76.72,76.72,31,148.0,1,0,0,0.0,0,137,216,1148.0,5,3.0,0.8885714285714286
00-0033553,James Conner,RB,ARI,16,206.8,253.8,236,1094.0,8,55,47,414.0,1,0,0,0.0,0,0.0,0.60625
00-0033555,Mack Hollins,WR,BUF,16,67.8,98.8,0,0.0,0,50,31,378.0,5,0,0,0.0,0,0.0,0.6599999999999999
00-0033576,Eric Saubert,TE,SF,8,15.7,26.7,0,0.0,0,14,11,97.0,1,0,0,0.0,0,0.0,0.3382352941176471
00-0033589,David Moore,WR,CAR,14,53.1,85.10000000000001,1,0.0,0,57,32,351.0,3,0,0,0.0,0,0.0,0.5394117647058824
00-0033591,Noah Brown,WR,WAS,11,51.300000000000004,86.30000000000001,0,0.0,0,56,35,453.0,1,0,0,0.0,0,0.0,0.630909090909091
00-0033662,Cooper Rush,QB,DAL,12,109.56,109.56,26,18.0,0,0,0,0.0,0,187,308,1844.0,12,5.0,0.6983333333333333
00-0033699,Austin Ekeler,RB,WAS,12,97.3,132.3,77,367.0,4,41,35,366.0,0,0,0,0.0,0,0.0,0.5166666666666667
00-0033854,Dare Ogunbowale,RB,HOU,15,37.0,56.0,30,112.0,0,28,19,198.0,1,0,0,0.0,0,0.0,0.27473684210526317
00-0033857,JuJu Smith-Schuster,WR,KC,11,35.1,53.1,0,0.0,0,26,18,231.0,2,0,0,0.0,0,0.0,0.47411764705882353
00-0033858,Jonnu Smith,TE,MIA,17,134.3,222.3,2,-1.0,0,111,88,884.0,8,0,0,0.0,0,0.0,0.5488235294117647
00-0033869,Mitchell Trubisky,QB,BUF,8,15.259999999999998,15.259999999999998,17,1.0,0,0,0,0.0,0,19,26,179.0,2,0.0,0.167
00-0033873,Patrick Mahomes,QB,KC,16,282.02,283.02,58,307.0,2,1,1,2.0,0,392,581,3928.0,26,11.0,0.9942105263157895
00-0033881,Evan Engram,TE,JAX,9,42.5,89.5,0,0.0,0,64,47,365.0,1,0,0,0.0,0,0.0,0.7200000000000001
00-0033885,David Njoku,TE,CLE,11,84.5,148.5,0,0.0,0,97,64,505.0,5,0,0,0.0,0,0.0,0.7490909090909091
00-0033891,Zay Jones,WR,ARI,6,8.4,16.400000000000002,0,0.0,0,11,8,84.0,0,0,0,0.0,0,0.0,0.34545454545454546
00-0033893,Dalvin Cook,RB,DAL,2,3.0,4.0,8,20.0,0,1,1,10.0,0,0,0,0.0,0,0.0,0.18
00-0033895,Gerald Everett,TE,CHI,9,3.6000000000000005,11.6,0,0.0,0,13,8,36.0,0,0,0,0.0,0,0.0,0.21588235294117647
00-0033897,Joe Mixon,RB,HOU,14,204.5,240.5,245,1016.0,11,52,36,309.0,1,0,1,0.0,0,0.0,0.6175
00-0033906,Alvin Kamara,RB,NO,14,197.3,265.3,228,950.0,6,89,68,543.0,2,0,0,0.0,0,0.0,0.7085714285714285
00-0033908,Cooper Kupp,WR,LA,12,108.0,175.0,2,10.0,0,100,67,710.0,6,0,0,0.0,0,0.0,0.8064285714285714
00-0033921,Chris Godwin,WR,TB,7,87.80000000000001,137.8,1,2.0,0,62,50,576.0,5,0,0,0.0,0,0.0,0.87
00-0033923,Kareem Hunt,RB,KC,13,132.4,155.4,200,728.0,7,32,23,176.0,0,0,0,0.0,0,0.0,0.498125
00-0033925,D'Onta Foreman,RB,CLE,10,26.6,32.6,71,232.0,0,8,6,54.0,0,0,0,0.0,0,0.0,0.2672727272727273
00-0033943,Josh Reynolds,WR,JAX,8,25.400000000000002,38.4,0,0.0,0,24,13,194.0,1,0,0,0.0,0,0.0,0.5233333333333333
00-0033948,Jamaal Williams,RB,NO,13,28.1,37.1,48,164.0,1,11,9,57.0,0,0,0,0.0,0,0.0,0.1992857142857143
00-0033949,Joshua Dobbs,QB,SF,2,30.839999999999996,30.839999999999996,9,24.0,2,0,0,0.0,0,32,47,361.0,2,2.0,0.54
00-0033955,Jeremy McNichols,RB,WAS,14,54.800000000000004,63.800000000000004,55,261.0,4,12,9,27.0,0,0,0,0.0,0,0.0,0.198
00-0034054,River Cracraft,WR,MIA,4,6.6000000000000005,13.600000000000001,0,0.0,0,9,7,66.0,0,0,0,0.0,0,0.0,
00-0034073,Ross Dwelley,TE,ATL,1,0.5,1.5,0,0.0,0,1,1,5.0,0,0,0,0.0,0,0.0,0.0988235294117647
00-0034115,Jeff Wilson,RB,MIA,7,7.6000000000000005,10.600000000000001,16,57.0,0,3,3,19.0,0,0,0,0.0,0,0.0,0.11555555555555556
00-0034159,Will Dissly,TE,LAC,15,60.1,110.1,0,0.0,0,64,50,481.0,2,0,0,0.0,0,0.0,0.573125
00-0034177,Tim Boyle,QB,NYG,3,13.940000000000001,13.940000000000001,3,9.0,0,0,0,0.0,0,27,50,276.0,1,1.0,
00-0034184,Gus Edwards,RB,LAC,11,61.1,64.10000000000001,101,365.0,4,5,3,6.0,0,0,0,0.0,0,0.0,0.33
00-0034208,Mike Boone,RB,CAR,5,4.9,5.9,13,51.0,0,3,1,-2.0,0,0,0,0.0,0,0.0,0.12
00-0034270,Tyler Conklin,TE,NYJ,16,70.9,121.9,1,0.0,0,72,51,449.0,4,0,0,0.0,0,0.0,0.800625
00-0034272,Marquez Valdes-Scantling,WR,NO,13,65.5,84.5,1,4.0,0,44,19,411.0,4,0,0,0.0,0,0.0,0.5435714285714286
00-0034348,Courtland Sutton,WR,DEN,16,159.3,240.3,0,0.0,0,135,81,1081.0,8,2,2,30.0,1,0.0,0.8594444444444445
00-0034351,Dallas Goedert,TE,PHI,10,61.599999999999994,103.6,0,0.0,0,52,42,496.0,2,0,0,0.0,0,0.0,0.7164285714285714
00-0034353,Anthony Miller,WR,BAL,1,1.6,2.6,0,0.0,0,1,1,16.0,0,0,0,0.0,0,0.0,0.10250000000000001
00-0034364,Jordan Akins,TE,CLE,16,51.0,91.0,0,0.0,0,58,40,390.0,2,0,0,0.0,0,0.0,0.3911764705882353
00-0034365,Ian Thomas,TE,CAR,3,0.7000000000000001,3.7,0,0.0,0,6,3,7.0,0,0,0,0.0,0,0.0,0.344
00-0034383,Dalton Schultz,TE,HOU,17,65.2,118.2,0,0.0,0,85,53,532.0,2,0,0,0.0,0,0.0,0.7789473684210527
00-0034386,Justin Watson,WR,KC,15,40.9,62.9,0,0.0,0,32,22,289.0,2,0,0,0.0,0,0.0,0.5345
00-0034401,Mike White,QB,BUF,1,1.12,1.12,0,0.0,0,0,0,0.0,0,3,11,28.0,0,0.0,0.3
00-0034407,Ray-Ray McCloud,WR,ATL,17,80.5,142.5,10,79.0,0,87,62,686.0,1,0,0,0.0,0,0.0,0.8511764705882353
00-0034418,Cedrick Wilson Jr.,WR,NO,10,31.94,51.94,0,0.0,0,27,20,211.0,1,1,1,21.0,1,0.0,0.396
00-0034419,Braxton Berrios,WR,MIA,3,0.0,0.0,0,0.0,0,4,0,0.0,0,0,0,0.0,0,0.0,0.26833333333333337
00-0034487,Trent Sherfield,WR,MIN,8,14.3,22.3,0,0.0,0,9,8,83.0,1,0,0,0.0,0,0.0,0.1622222222222222
00-0034521,Allen Lazard,WR,NYJ,12,89.0,126.0,0,0.0,0,61,37,530.0,6,0,1,0.0,0,0.0,0.8433333333333333
00-0034577,Kyle Allen,QB,PIT,1,0.76,0.76,0,0.0,0,0,0,0.0,0,1,1,19.0,0,0.0,0.03
00-0034613,Tanner Hudson,TE,CIN,9,19.5,38.5,1,1.0,0,23,19,154.0,1,0,0,0.0,0,0.0,
00-0034646,Brandon Powell,WR,MIN,7,7.1000000000000005,14.1,0,0.0,0,10,7,71.0,0,0,0,0.0,0,0.0,0.19
00-0034753,Mark Andrews,TE,BAL,17,133.8,188.8,4,5.0,0,69,55,673.0,11,0,0,0.0,0,0.0,0.6152631578947368
00-0034771,Mason Rudolph,QB,TEN,8,95.8,95.8,25,106.0,1,0,0,0.0,0,146,228,1530.0,9,9.0,0.8475
00-0034775,Christian Kirk,WR,JAX,8,43.900000000000006,70.9,0,0.0,0,47,27,379.0,1,0,0,0.0,0,0.0,0.7
00-0034777,DJ Chark,WR,LAC,4,9.1,13.1,0,0.0,0,10,4,31.0,1,0,0,0.0,0,0.0,0.25
00-0034791,Nick Chubb,RB,CLE,8,58.3,63.3,102,332.0,3,11,5,31.0,1,0,0,0.0,0,0.0,0.4125
00-0034796,Lamar Jackson,QB,BAL,17,430.38000000000005,430.38000000000005,139,915.0,4,0,0,0.0,0,316,474,4172.0,41,4.0,0.9689473684210527
00-0034798,Durham Smythe,TE,MIA,13,5.300000000000001,14.3,0,0.0,0,17,9,53.0,0,0,0,0.0,0,0.0,0.32235294117647056
00-0034827,DJ Moore,WR,CHI,17,140.1,238.1,14,75.0,0,140,98,966.0,6,0,1,0.0,0,0.0,0.9382352941176471
00-0034829,Mike Gesicki,TE,CIN,16,76.5,141.5,0,0.0,0,83,65,665.0,2,0,0,0.0,0,0.0,0.4476470588235294
00-0034830,Hayden Hurst,TE,LAC,7,7.300000000000001,15.3,0,0.0,0,13,8,73.0,0,0,0,0.0,0,0.0,0.33111111111111113
00-0034837,Calvin Ridley,WR,TEN,17,135.20000000000002,199.20000000000002,8,55.0,1,120,64,1017.0,4,0,0,0.0,0,0.0,0.8129411764705883
00-0034844,Saquon Barkley,RB,PHI,16,322.3,355.3,345,2005.0,13,43,33,278.0,2,0,0,0.0,0,0.0,0.751
00-0034854,KhaDarel Hodge,WR,ATL,6,25.1,32.1,0,0.0,0,12,7,131.0,1,0,0,0.0,0,0.0,0.19999999999999998
00-0034855,Baker Mayfield,QB,TB,17,365.8,365.8,60,378.0,3,0,0,0.0,0,407,570,4500.0,41,16.0,0.9861111111111112
00-0034857,Josh Allen,QB,BUF,16,372.34000000000003,372.34000000000003,102,531.0,12,0,0,0.0,0,307,483,3731.0,28,6.0,0.9035
00-0034860,Dante Pettis,WR,NO,8,20.0,32.0,0,0.0,0,28,12,120.0,1,0,0,0.0,0,0.0,0.3075
00-0034869,Sam Darnold,QB,MIN,17,307.96,307.96,67,212.0,1,0,0,0.0,0,361,545,4319.0,35,12.0,0.9944444444444444
00-0034928,Steven Sims,WR,BAL,1,0.0,0.0,1,0.0,0,0,0,0.0,0,0,0,0.0,0,0.0,0.038181818181818185
00-0034959,Andrew Beck,RB,HOU,2,0.0,0.0,0,0.0,0,2,0,0.0,0,0,0,0.0,0,0.0,
00-0034960,Jakobi Meyers,WR,LV,15,131.0,218.0,2,23.0,0,129,87,1027.0,4,0,0,0.0,0,0.0,0.9166666666666666
00-0034972,Alexander Mattison,RB,LV,14,101.4,137.4,132,420.0,4,48,36,294.0,1,0,0,0.0,0,0.0,0.4907142857142857
00-0034975,Justice Hill,RB,BAL,15,85.10000000000001,127.10000000000001,47,228.0,1,51,42,383.0,3,0,0,0.0,0,0.0,0.41529411764705887
00-0034981,Foster Moreau,TE,NO,15,71.3,103.3,0,0.0,0,43,32,413.0,5,0,0,0.0,0,0.0,0.6911764705882353
00-0035021,Ashton Dulin,WR,IND,9,17.2,19.2,5,45.0,0,8,2,67.0,1,0,0,0.0,0,0.0,0.19866666666666666
00-0035100,Jake Browning,QB,CIN,2,-0.2,-0.2,2,-2.0,0,0,0,0.0,0,0,0,0.0,0,0.0,
00-0035125,Alec Ingold,RB,MIA,9,15.3,26.3,10,17.0,1,12,11,96.0,0,0,0,0.0,0,0.0,
00-0035140,Mecole Hardman,WR,KC,7,21.200000000000003,33.2,5,62.0,1,14,12,90.0,0,0,0,0.0,0,0.0,0.13749999999999998
00-0035208,Olamide Zaccheaus,WR,WAS,15,69.4,114.4,1,8.0,0,64,45,506.0,3,0,0,0.0,0,0.0,0.4495
00-0035216,Diontae Johnson,WR,HOU,11,56.1,89.10000000000001,2,6.0,0,67,33,375.0,3,0,0,0.0,0,0.0,0.5261538461538462
00-0035228,Kyler Murray,QB,ARI,17,297.24,297.24,78,572.0,5,0,0,0.0,0,372,541,3851.0,21,11.0,0.9711764705882354
00-0035229,T.J. Hockenson,TE,MIN,10,45.5,86.5,0,0.0,0,62,41,455.0,0,0,0,0.0,0,0.0,0.6127272727272728
00-0035243,Miles Sanders,RB,CAR,11,53.3,77.30000000000001,55,205.0,2,30,24,148.0,1,0,0,0.0,0,0.0,0.3336363636363636
00-0035249,Josh Oliver,TE,MIN,11,43.8,65.8,0,0.0,0,28,22,258.0,3,0,0,0.0,0,0.0,0.53625
00-0035250,Devin Singletary,RB,NYG,15,75.60000000000001,96.60000000000001,113,437.0,4,24,21,119.0,0,0,0,0.0,0,0.0,0.3893333333333333
00-0035261,Tony Pollard,RB,TEN,16,159.70000000000002,200.70000000000002,260,1079.0,5,57,41,238.0,0,0,0,0.0,0,0.0,0.678125
00-0035264,Jarrett Stidham,QB,DEN,2,0.5,0.5,4,5.0,0,0,0,0.0,0,0,0,0.0,0,0.0,0.06666666666666667
00-0035289,Gardner Minshew,QB,LV,10,96.32000000000001,96.32000000000001,19,58.0,0,0,0,0.0,0,203,306,2013.0,9,10.0,0.865
00-0035298,Scott Miller,WR,PIT,4,6.9,11.9,0,0.0,0,9,5,69.0,0,0,0,0.0,0,0.0,0.25
00-0035311,Myles Gaskin,RB,JAX,2,1.0,1.9999999999999998,3,-1.0,0,1,1,11.0,0,0,0,0.0,0,0.0,0.022000000000000002
00-0035341,Trenton Irwin,WR,CAR,4,1.5,4.5,0,0.0,0,10,3,15.0,0,0,0,0.0,0,0.0,0.2914285714285714
00-0035406,Lil'Jordan Humphrey,WR,DEN,14,33.3,64.3,0,0.0,0,45,31,293.0,1,0,0,0.0,0,0.0,0.4811111111111111
00-0035500,Greg Dortch,WR,ARI,17,53.3,90.3,5,31.0,0,50,37,342.0,3,0,0,0.0,0,0.0,0.4023529411764706
00-0035535,Darius Slayton,WR,NYG,16,71.0,110.0,2,17.0,0,71,39,573.0,2,0,0,0.0,0,0.0,0.8306250000000001
00-0035537,Ty Johnson,RB,BUF,17,73.7,91.7,41,213.0,1,25,18,284.0,3,0,0,0.0,0,0.0,0.3045
00-0035544,Tom Kennedy,WR,DET,1,0.0,0.0,0,0.0,0,1,0,0.0,0,0,0,0.0,0,0.0,0.0575
00-0035547,Joseph Fortson,TE,KC,3,0.5,1.5,0,0.0,0,3,1,5.0,0,0,0,0.0,0,0.0,0.17666666666666667
00-0035567,Craig Reynolds,RB,DET,7,17.900000000000002,20.900000000000002,31,139.0,0,5,3,40.0,0,0,0,0.0,0,0.0,0.0811111111111111
00-0035594,Travis Homer,RB,CHI,4,3.4000000000000004,6.3999999999999995,6,23.0,0,3,3,11.0,0,0,0,0.0,0,0.0,0.11600000000000002
00-0035602,Alex Bachman,WR,LV,1,3.1,6.1,0,0.0,0,3,3,31.0,0,0,0,0.0,0,0.0,
00-0035628,D'Ernest Johnson,RB,JAX,12,23.900000000000002,35.9,32,143.0,0,19,12,96.0,0,0,0,0.0,0,0.0,0.2292857142857143
00-0035631,Drew Sample,TE,CIN,11,16.5,36.5,1,-4.0,0,22,20,109.0,1,0,0,0.0,0,0.0,0.571764705882353
00-0035639,Parris Campbell,WR,PHI,4,9.0,15.0,0,0.0,0,8,6,30.0,1,0,0,0.0,0,0.0,0.3225
00-0035640,DK Metcalf,WR,SEA,15,125.2,191.2,0,0.0,0,108,66,992.0,5,0,0,0.0,0,0.0,0.86
00-0035644,Noah Fant,TE,SEA,14,56.0,104.0,0,0.0,0,64,48,500.0,1,0,0,0.0,0,0.0,0.6328571428571428
00-0035659,Terry McLaurin,WR,WAS,17,185.8,267.8,2,2.0,0,117,82,1096.0,13,0,0,0.0,0,0.0,0.8125
00-0035662,Marquise Brown,WR,KC,2,9.100000000000001,18.1,0,0.0,0,15,9,91.0,0,0,0,0.0,0,0.0,0.544
00-0035676,A.J. Brown,WR,PHI,13,149.9,216.9,0,0.0,0,97,67,1079.0,7,0,0,0.0,0,0.0,0.878235294117647
00-0035685,David Montgomery,RB,DET,14,185.72,221.72,185,775.0,12,38,36,341.0,0,1,1,3.0,1,0.0,0.4073333333333334
00-0035689,Dawson Knox,TE,BUF,14,37.1,59.1,0,0.0,0,33,22,311.0,1,0,0,0.0,0,0.0,0.5994736842105264
00-0035700,Josh Jacobs,RB,GB,17,257.1,293.1,301,1329.0,15,43,36,342.0,1,0,0,0.0,0,0.0,0.6333333333333333
00-0035704,Drew Lock,QB,NYG,7,80.14,80.14,18,133.0,2,0,0,0.0,0,107,181,1071.0,6,5.0,0.6525
00-0035710,Daniel Jones,QB,MIN,10,135.3,135.3,67,265.0,2,0,0,0.0,0,216,341,2070.0,8,7.0,0.9789999999999999
00-0035719,Deebo Samuel Sr.,WR,SF,14,104.60000000000001,155.6,42,136.0,1,81,51,670.0,3,0,0,0.0,0,0.0,0.7313333333333334
00-0035806,JaMycal Hasty,RB,NE,9,18.8,28.8,20,69.0,0,12,10,59.0,1,0,0,0.0,0,0.0,0.11200000000000002
00-0035860,Tony Jones,RB,ARI,1,11.5,11.5,4,55.0,1,0,0,0.0,0,0,0,0.0,0,0.0,0.08
00-0035891,Cody White,WR,SEA,1,4.4,6.4,0,0.0,0,3,2,44.0,0,0,0,0.0,0,0.0,
00-0035924,Jonathan Ward,RB,PIT,2,2.2,2.2,5,22.0,0,0,0,0.0,0,0,0,0.0,0,0.0,0.04
00-0035973,Patrick Taylor,RB,SF,5,26.8,29.8,39,183.0,1,11,3,25.0,0,0,0,0.0,0,0.0,
00-0035976,Dan Chisena,WR,CAR,3,3.7,6.7,0,0.0,0,4,3,37.0,0,0,0,0.0,0,0.0,0.04833333333333333
00-0035993,Tyler Huntley,QB,MIA,5,60.66,60.66,26,135.0,2,0,0,0.0,0,86,133,829.0,3,3.0,0.9339999999999999
00-0036040,Juwan Johnson,TE,NO,15,72.80000000000001,122.80000000000001,0,0.0,0,66,50,548.0,3,0,0,0.0,0,0.0,0.6417647058823529
00-0036096,J.J. Taylor,RB,HOU,3,4.4,6.4,10,44.0,0,3,2,0.0,0,0,0,0.0,0,0.0,0.09
00-0036133,James Proche,WR,CLE,2,2.1,5.1,0,0.0,0,3,3,21.0,0,0,0,0.0,0,0.0,0.026666666666666665
00-0036139,Rico Dowdle,RB,DAL,16,158.8,197.8,235,1079.0,2,49,39,249.0,3,0,0,0.0,0,0.0,0.575
00-0036158,J.K. Dobbins,RB,LAC,13,159.8,191.8,195,905.0,9,38,32,153.0,0,0,0,0.0,0,0.0,0.6321428571428571
00-0036165,Isaiah Hodgins,WR,NYG,2,1.2000000000000002,3.2,0,0.0,0,2,2,12.0,0,0,0,0.0,0,0.0,0.2833333333333333
00-0036176,Mason Kinsey,WR,TEN,2,1.7000000000000002,3.7,0,0.0,0,2,2,17.0,0,0,0,0.0,0,0.0,
00-0036182,Nick Westbrook-Ikhine,WR,TEN,13,103.7,135.7,0,0.0,0,60,32,497.0,9,0,0,0.0,0,0.0,0.6994117647058824
00-0036183,Kristian Wilkerson,WR,LV,1,7.8,9.8,0,0.0,0,3,2,18.0,1,0,0,0.0,0,0.0,0.22
00-0036187,Reggie Gilliam,RB,BUF,2,0.7000000000000001,0.7000000000000001,3,7.0,0,0,0,0.0,0,0,0,0.0,0,0.0,
00-0036196,Gabe Davis,WR,JAX,9,33.9,53.9,0,0.0,0,42,20,239.0,2,0,0,0.0,0,0.0,0.716
00-0036212,Tua Tagovailoa,QB,MIA,11,181.58,181.58,17,49.0,0,0,0,0.0,0,291,399,2867.0,19,7.0,0.9718181818181818
00-0036223,Jonathan Taylor,RB,IND,14,228.70000000000002,246.70000000000002,303,1431.0,11,31,18,136.0,1,0,0,0.0,0,0.0,0.8028571428571428
00-0036232,Harrison Bryant,TE,LV,5,8.600000000000001,17.6,0,0.0,0,12,9,86.0,0,0,0,0.0,0,0.0,0.25461538461538463
00-0036244,Colby Parkinson,TE,LA,15,35.4,65.4,0,0.0,0,49,30,294.0,1,0,0,0.0,0,0.0,0.5268421052631579
00-0036251,Zack Moss,RB,CIN,8,58.900000000000006,81.9,74,242.0,2,27,23,187.0,1,0,0,0.0,0,0.0,0.6175
00-0036252,Michael Pittman,WR,IND,16,96.80000000000001,165.8,0,0.0,0,111,69,808.0,3,0,0,0.0,0,0.0,0.880625
00-0036254,Collin Johnson,WR,CHI,2,0.6000000000000001,1.6,0,0.0,0,2,1,6.0,0,0,0,0.0,0,0.0,0.05444444444444444
00-0036259,Jauan Jennings,WR,SF,15,133.5,210.5,0,0.0,0,113,77,975.0,6,0,0,0.0,0,0.0,0.744
00-0036261,Brandon Aiyuk,WR,SF,7,37.400000000000006,62.400000000000006,0,0.0,0,47,25,374.0,0,0,0,0.0,0,0.0,0.7614285714285715
00-0036264,Jordan Love,QB,GB,15,233.86,233.86,25,83.0,1,0,0,0.0,0,268,425,3389.0,25,11.0,0.9225
00-0036268,Laviska Shenault Jr.,WR,LAC,6,9.7,14.7,1,1.0,0,5,5,36.0,0,0,0,0.0,0,0.0,0.06916666666666667
00-0036275,D'Andre Swift,RB,CHI,17,172.5,214.5,253,959.0,6,52,42,386.0,0,0,0,0.0,0,0.0,0.668235294117647
00-0036290,Cole Kmet,TE,CHI,14,73.4,120.4,0,0.0,0,55,47,474.0,4,0,0,0.0,0,0.0,0.8723529411764706
00-0036297,Darrynton Evans,RB,CHI,1,0.30000000000000004,0.30000000000000004,3,3.0,0,0,0,0.0,0,0,0,0.0,0,0.0,0.016
00-0036309,Darnell Mooney,WR,ATL,16,129.20000000000002,193.20000000000002,0,0.0,0,106,64,992.0,5,0,1,0.0,0,0.0,0.9275
00-0036322,Justin Jefferson,WR,MIN,17,214.48000000000002,317.48,1,3.0,0,154,103,1533.0,10,1,1,22.0,0,0.0,0.931111111111111
00-0036328,Antonio Gibson,RB,NE,17,80.4,103.4,120,538.0,1,29,23,206.0,0,0,0,0.0,0,0.0,0.33294117647058824
00-0036331,Devin Duvernay,WR,JAX,10,8.200000000000001,19.200000000000003,4,3.0,0,16,11,79.0,0,0,0,0.0,0,0.0,0.22153846153846152
00-0036332,Josiah Deguara,TE,JAX,3,1.4000000000000001,4.4,0,0.0,0,3,3,14.0,0,0,0,0.0,0,0.0,0.08666666666666667
00-0036345,K.J. Osborn,WR,WAS,6,11.7,18.7,0,0.0,0,18,7,57.0,1,0,0,0.0,0,0.0,0.495
00-0036355,Justin Herbert,QB,LAC,17,285.40000000000003,285.40000000000003,69,306.0,2,0,0,0.0,0,332,504,3870.0,23,3.0,0.9783333333333333
00-0036358,CeeDee Lamb,WR,DAL,15,162.4,263.40000000000003,14,70.0,0,152,101,1194.0,6,0,0,0.0,0,0.0,0.8019999999999999
00-0036360,Clyde Edwards-Helaire,RB,NO,2,7.0,10.0,13,46.0,0,5,3,24.0,0,0,0,0.0,0,0.0,0.35
00-0036370,Joshua Kelley,RB,TEN,1,0.2,0.2,1,2.0,0,0,0,0.0,0,0,0,0.0,0,0.0,0.02
00-0036387,Jalen Reagor,WR,LAC,7,7.7,14.7,3,-3.0,0,12,7,100.0,0,0,0,0.0,0,0.0,0.2825
00-0036389,Jalen Hurts,QB,PHI,15,315.12,315.12,150,630.0,14,0,0,0.0,0,248,361,2903.0,18,5.0,0.9252631578947368
00-0036407,Jerry Jeudy,WR,CLE,17,150.9,240.9,0,0.0,0,145,90,1229.0,4,0,0,0.0,0,0.0,0.8970588235294118
00-0036410,Tee Higgins,WR,CIN,12,149.1,222.10000000000002,0,0.0,0,109,73,911.0,10,0,0,0.0,0,0.0,0.7908333333333334
00-0036414,Cam Akers,RB,MIN,15,79.2,93.2,104,444.0,2,18,14,68.0,3,0,0,0.0,0,0.0,0.23500000000000001
00-0036415,Van Jefferson,WR,PIT,15,39.6,63.6,0,0.0,0,40,24,276.0,2,0,0,0.0,0,0.0,0.6522222222222223
00-0036422,Adam Trautman,TE,DEN,13,30.8,43.8,0,0.0,0,22,13,188.0,2,0,0,0.0,0,0.0,0.5
00-0036425,DeeJay Dallas,RB,ARI,7,18.0,21.0,9,49.0,0,3,3,11.0,1,0,0,0.0,0,0.0,0.04588235294117647
00-0036427,Tyler Johnson,WR,LA,11,35.1,61.1,0,0.0,0,41,26,291.0,1,0,0,0.0,0,0.0,0.3766666666666667
00-0036429,Charlie Woerner,TE,ATL,8,4.6000000000000005,11.6,0,0.0,0,12,7,46.0,0,0,0,0.0,0,0.0,0.424375
00-0036438,Stephen Sullivan,TE,CAR,1,0.0,0.0,0,0.0,0,1,0,0.0,0,0,0,0.0,0,0.0,0.11
00-0036442,Joe Burrow,QB,CIN,17,372.82,372.82,42,201.0,2,0,0,0.0,0,460,652,4918.0,43,9.0,0.9952941176470589
00-0036450,Ke'Shawn Vaughn,RB,SF,1,0.4,0.4,2,4.0,0,0,0,0.0,0,0,0,0.0,0,0.0,0.016666666666666666
00-0036463,Chris Blair,WR,ATL,2,1.7000000000000002,2.7,0,0.0,0,2,1,17.0,0,0,0,0.0,0,0.0,
00-0036497,Tim Jones,WR,JAX,3,4.1,7.1,0,0.0,0,5,3,41.0,0,0,0,0.0,0,0.0,
00-0036510,Kenny Yeboah,TE,NYJ,6,10.7,15.7,0,0.0,0,8,5,47.0,1,0,0,0.0,0,0.0,0.19
00-0036527,DJ Turner,WR,LV,10,31.1,47.1,5,33.0,1,29,16,158.0,1,0,0,0.0,0,0.0,
00-0036534,Shane Zylstra,TE,DET,1,2.2,3.2,0,0.0,0,1,1,22.0,0,0,0,0.0,0,0.0,0.12846153846153846
00-0036550,Rashod Bateman,WR,BAL,16,129.60000000000002,174.60000000000002,0,0.0,0,72,45,756.0,9,0,0,0.0,0,0.0,0.6763157894736842
00-0036554,Nico Collins,WR,HOU,12,142.60000000000002,210.60000000000002,0,0.0,0,99,68,1006.0,7,0,0,0.0,0,0.0,0.6892857142857143
00-0036555,Chuba Hubbard,RB,CAR,15,198.60000000000002,241.60000000000002,250,1195.0,10,54,43,171.0,1,0,0,0.0,0,0.0,0.7733333333333333
00-0036556,Brevin Jordan,TE,HOU,2,0.7000000000000001,2.7,0,0.0,0,3,2,7.0,0,0,0,0.0,0,0.0,0.475
00-0036590,Quintin Morris,TE,BUF,5,9.6,14.600000000000001,0,0.0,0,8,5,36.0,1,0,0,0.0,0,0.0,
00-0036613,Jaylen Waddle,WR,MIA,15,91.6,149.6,4,12.0,0,83,58,744.0,2,0,0,0.0,0,0.0,0.7866666666666667
00-0036620,Dee Eskridge,WR,MIA,3,4.4,7.4,0,0.0,0,3,3,44.0,0,0,0,0.0,0,0.0,0.09833333333333334
00-0036626,Dyami Brown,WR,WAS,15,37.4,67.4,3,26.0,0,40,30,308.0,1,0,1,0.0,0,0.0,0.48
00-0036628,John Bates,TE,WAS,10,6.4,14.4,0,0.0,0,13,8,84.0,0,0,0,0.0,0,0.0,0.4365
00-0036630,Tylan Wallace,WR,BAL,8,25.3,36.300000000000004,0,0.0,0,12,11,193.0,1,0,0,0.0,0,0.0,0.2752631578947369
00-0036635,Ihmir Smith-Marsette,WR,NYG,1,6.0,6.0,0,0.0,0,0,0,0.0,0,0,0,0.0,0,0.0,0.008
00-0036637,Noah Gray,TE,KC,16,73.3,113.3,1,-4.0,0,49,40,437.0,5,0,0,0.0,0,0.0,0.5455
00-0036640,Zach Davidson,TE,BUF,2,0.5,1.5,0,0.0,0,2,1,5.0,0,0,0,0.0,0,0.0,0.22666666666666668
00-0036646,Simi Fehoko,WR,LAC,5,10.600000000000001,16.6,0,0.0,0,16,6,106.0,0,0,0,0.0,0,0.0,0.44111111111111106
00-0036670,Jermar Jefferson,RB,DET,2,3.2,4.2,6,22.0,0,1,1,10.0,0,0,0,0.0,0,0.0,0.09
00-0036727,Adam Prentice,RB,NO,4,0.0,0.0,0,0.0,0,4,0,0.0,0,0,0,0.0,0,0.0,
00-0036741,Jack Stoll,TE,MIA,2,1.0,3.0,0,0.0,0,3,2,10.0,0,0,0,0.0,0,0.0,0.2827272727272727
00-0036754,Brock Wright,TE,DET,10,22.0,35.0,0,0.0,0,16,13,100.0,2,0,0,0.0,0,0.0,0.495
00-0036825,Feleipe Franks,TE,CAR,3,1.2000000000000002,2.2,0,0.0,0,3,1,12.0,0,0,0,0.0,0,0.0,
00-0036841,Austin Trammell,WR,JAX,1,4.0,6.0,0,0.0,0,3,2,40.0,0,0,0,0.0,0,0.0,0.61
00-0036842,Kene Nwangwu,RB,NYJ,1,6.0,6.0,0,0.0,0,0,0,0.0,0,0,0,0.0,0,0.0,0.005
00-0036849,Tutu Atwell,WR,LA,15,56.900000000000006,98.9,2,7.0,0,62,42,562.0,0,0,1,0.0,0,0.0,0.3515789473684211
00-0036862,Ben Skowronek,WR,PIT,4,6.9,11.9,0,0.0,0,5,5,69.0,0,0,0,0.0,0,0.0,0.15545454545454546
00-0036875,Rhamondre Stevenson,RB,NE,15,142.9,175.9,207,801.0,7,41,33,168.0,1,0,0,0.0,0,0.0,0.6153333333333334
00-0036876,Kylen Granson,TE,IND,14,18.2,32.2,0,0.0,0,31,14,182.0,0,0,0,0.0,0,0.0,0.4052941176470588
00-0036877,Jaelon Darden,WR,SEA,1,0.6000000000000001,1.6,0,0.0,0,1,1,6.0,0,0,0,0.0,0,0.0,0.025833333333333333
00-0036887,Luke Farrell,TE,JAX,10,6.7,18.7,0,0.0,0,17,12,67.0,0,0,0,0.0,0,0.0,0.3764705882352941
00-0036893,Najee Harris,RB,PIT,17,168.60000000000002,204.6,263,1043.0,6,48,36,283.0,0,0,0,0.0,0,0.0,0.4977777777777778
00-0036894,Pat Freiermuth,TE,PIT,17,103.3,168.3,0,0.0,0,78,65,653.0,7,0,0,0.0,0,0.0,0.6872222222222222
00-0036898,Davis Mills,QB,HOU,4,9.580000000000002,9.580000000000002,3,11.0,0,0,0,0.0,0,20,36,212.0,0,0.0,0.2975
00-0036900,Ja'Marr Chase,WR,CIN,17,276.0,403.0,3,32.0,0,175,127,1708.0,17,0,0,0.0,0,0.0,0.9229411764705882
00-0036906,Khalil Herbert,RB,CIN,8,21.5,31.5,36,130.0,1,11,10,25.0,0,0,0,0.0,0,0.0,0.135
00-0036912,DeVonta Smith,WR,PHI,13,131.4,199.4,1,1.0,0,89,68,833.0,8,0,0,0.0,0,0.0,0.8770588235294118
00-0036913,Kadarius Toney,WR,CLE,2,-0.4,-0.4,2,-4.0,0,1,0,0.0,0,0,0,0.0,0,0.0,0.07333333333333335
00-0036919,Kenneth Gainwell,RB,PHI,16,46.6,62.6,75,290.0,1,22,16,116.0,0,0,0,0.0,0,0.0,0.24047619047619045
00-0036924,Michael Carter,RB,ARI,3,24.8,35.8,35,131.0,1,11,11,57.0,0,0,0,0.0,0,0.0,0.6166666666666667
00-0036928,Kyle Trask,QB,TB,3,-0.2,-0.2,5,-4.0,0,0,0,0.0,0,1,1,5.0,0,0.0,0.065
00-0036945,Justin Fields,QB,PIT,10,119.14,119.14,62,289.0,5,0,0,0.0,0,106,161,1106.0,5,1.0,0.5636363636363636
00-0036955,Terrace Marshall Jr.,WR,LV,5,4.1000000000000005,7.1000000000000005,0,0.0,0,6,3,41.0,0,0,0,0.0,0,0.0,0.2928571428571428
00-0036963,Amon-Ra St. Brown,WR,DET,17,201.18,316.18,2,6.0,0,141,115,1263.0,12,1,1,7.0,1,0.0,0.8872222222222222
00-0036970,Kyle Pitts,TE,ATL,17,84.2,131.2,0,0.0,0,74,47,602.0,4,0,0,0.0,0,0.0,0.62
00-0036971,Trevor Lawrence,QB,JAX,10,145.7,145.7,26,119.0,3,0,0,0.0,0,172,284,2045.0,11,7.0,0.9019999999999999
00-0036972,Mac Jones,QB,JAX,10,96.08,96.08,28,92.0,1,0,0,0.0,0,171,262,1672.0,8,8.0,0.798
00-0036973,Travis Etienne,RB,JAX,15,91.2,130.2,150,558.0,2,52,39,254.0,0,0,0,0.0,0,0.0,0.5393333333333333
00-0036980,Elijah Moore,WR,CLE,17,59.900000000000006,120.9,1,1.0,0,102,61,538.0,1,0,0,0.0,0,0.0,0.7570588235294117
00-0036984,Trey Sermon,RB,IND,14,37.800000000000004,53.800000000000004,56,159.0,2,19,16,99.0,0,0,0,0.0,0,0.0,0.22058823529411764
00-0036988,Josh Palmer,WR,LAC,15,68.4,107.4,0,0.0,0,65,39,584.0,1,0,0,0.0,0,0.0,0.66
00-0036997,Javonte Williams,RB,DEN,17,105.9,157.9,139,513.0,4,70,52,346.0,0,0,0,0.0,0,0.0,0.5338888888888889
00-0037004,Hunter Long,TE,LA,7,12.0,19.0,0,0.0,0,9,7,60.0,0,0,0,0.0,0,0.0,0.26105263157894737
00-0037005,Tommy Tremble,TE,CAR,10,33.400000000000006,56.4,0,0.0,0,32,23,234.0,2,0,0,0.0,0,0.0,0.6725
00-0037012,Trey Lance,QB,DAL,4,12.74,12.74,11,41.0,0,0,0,0.0,0,25,41,266.0,0,1.0,0.3325
00-0037077,Sam Howell,QB,SEA,1,-0.8400000000000001,-0.8400000000000001,1,2.0,0,0,0,0.0,0,5,14,24.0,0,1.0,0.215
00-0037085,Tyler Badie,RB,DEN,3,6.4,9.4,11,86.0,0,3,3,-2.0,0,0,0,0.0,0,0.0,0.0975
00-0037086,Grant Calcaterra,TE,PHI,13,35.800000000000004,59.800000000000004,0,0.0,0,30,24,298.0,1,0,0,0.0,0,0.0,0.6176190476190476
00-0037091,Bo Melton,WR,GB,11,14.5,22.500000000000004,8,54.0,0,17,8,91.0,0,0,0,0.0,0,0.0,0.24222222222222223
00-0037093,Dareke Young,WR,SEA,1,0.0,0.0,0,0.0,0,1,0,0.0,0,0,0,0.0,0,0.0,0.030714285714285715
00-0037120,Tyler Goodson,RB,IND,9,33.400000000000006,44.4,32,153.0,1,15,11,61.0,1,0,0,0.0,0,0.0,
00-0037132,Britain Covey,WR,PHI,3,3.4000000000000004,10.4,0,0.0,0,8,7,34.0,0,0,0,0.0,0,0.0,0.144
00-0037156,Irvin Charles,WR,NYJ,1,0.0,0.0,0,0.0,0,1,0,0.0,0,0,0,0.0,0,0.0,
00-0037197,Isiah Pacheco,RB,KC,7,44.900000000000006,56.900000000000006,83,310.0,1,16,12,79.0,0,0,0,0.0,0,0.0,0.434
00-0037216,Justyn Ross,WR,KC,1,0.0,0.0,0,0.0,0,1,0,0.0,0,0,0,0.0,0,0.0,0.09
00-0037228,Jaylen Warren,RB,PIT,15,86.10000000000001,124.10000000000001,120,511.0,1,47,38,310.0,0,0,0,0.0,0,0.0,0.455
00-0037231,Kevin Austin Jr.,WR,NO,8,16.0,27.0,1,9.0,0,22,11,151.0,0,0,0,0.0,0,0.0,
00-0037238,Drake London,WR,ATL,17,180.8,280.8,1,-3.0,0,158,100,1271.0,9,0,0,0.0,0,0.0,0.8970588235294118
00-0037239,Chris Olave,WR,NO,8,44.7,76.7,1,7.0,0,44,32,400.0,1,0,0,0.0,0,0.0,0.6175
00-0037240,Jameson Williams,WR,DET,15,154.20000000000002,212.20000000000002,11,61.0,1,91,58,1001.0,7,0,0,0.0,0,0.0,0.800625
00-0037247,George Pickens,WR,PIT,14,105.4,164.4,2,-6.0,0,103,59,900.0,3,0,0,0.0,0,0.0,0.8006666666666666
00-0037248,James Cook,RB,BUF,16,234.70000000000002,266.7,207,1009.0,16,38,32,258.0,2,0,0,0.0,0,0.0,0.47631578947368425
00-0037252,Greg Dulcich,TE,NYG,3,2.8000000000000003,7.8,0,0.0,0,12,5,28.0,0,0,0,0.0,0,0.0,0.25666666666666665
00-0037256,Rachaad White,RB,TB,15,148.6,199.6,144,613.0,3,57,51,393.0,6,0,0,0.0,0,0.0,0.5547058823529412
00-0037257,David Bell,WR,CLE,1,2.7,5.7,0,0.0,0,3,3,27.0,0,0,0,0.0,0,0.0,0.13
00-0037258,Dameon Pierce,RB,HOU,9,41.5,43.5,40,293.0,2,4,2,2.0,0,0,0,0.0,0,0.0,0.16076923076923075
00-0037261,Khalil Shakir,WR,BUF,15,106.5,182.5,2,4.0,0,100,76,821.0,4,0,0,0.0,0,0.0,0.6211111111111111
00-0037263,Tyler Allgeier,RB,ATL,17,93.2,106.2,137,644.0,3,13,13,88.0,0,0,0,0.0,0,0.0,0.24941176470588236
00-0037267,Jerome Ford,RB,CLE,14,97.0,134.0,104,565.0,3,43,37,225.0,0,0,0,0.0,0,0.0,0.54
00-0037276,Ty Chandler,RB,MIN,10,22.400000000000002,28.400000000000002,56,182.0,0,6,6,42.0,0,0,0,0.0,0,0.0,0.13444444444444445
00-0037291,Jalen Nailor,WR,MIN,15,77.0,105.0,3,-4.0,0,42,28,414.0,6,0,0,0.0,0,0.0,0.5311111111111111
00-0037292,Andrew Ogletree,TE,IND,11,16.900000000000002,25.9,0,0.0,0,14,9,109.0,1,0,0,0.0,0,0.0,0.4023529411764706
00-0037300,Mike Woods,WR,CLE,5,6.5,13.5,0,0.0,0,17,7,65.0,0,0,0,0.0,0,0.0,
00-0037304,Connor Heyward,TE,PIT,5,10.0,16.0,0,0.0,0,8,6,40.0,1,0,0,0.0,0,0.0,0.17722222222222223
00-0037306,John FitzPatrick,TE,GB,1,0.2,1.2,0,0.0,0,1,1,2.0,0,0,0,0.0,0,0.0,0.11599999999999999
00-0037324,Chris Oladokun,QB,KC,1,0.5,0.5,1,5.0,0,0,0,0.0,0,0,0,0.0,0,0.0,0.15
00-0037327,Skylar Thompson,QB,MIA,2,7.880000000000001,7.880000000000001,1,4.0,0,0,0,0.0,0,21,33,187.0,0,0.0,0.29333333333333333
00-0037348,Tanner Conner,WR,MIA,2,1.6,4.6,0,0.0,0,4,3,16.0,0,0,0,0.0,0,0.0,
00-0037382,Brandon Johnson,WR,PIT,1,0.9,1.9,0,0.0,0,1,1,9.0,0,0,0,0.0,0,0.0,0.09999999999999999
00-0037422,Kendric Pryor,WR,CIN,1,0.9,1.9,0,0.0,0,1,1,9.0,0,0,0,0.0,0,0.0,
00-0037429,Raheem Blackshear,RB,CAR,3,8.0,8.0,15,80.0,0,0,0,0.0,0,0,0,0.0,0,0.0,0.07187500000000001
00-0037450,Tyreik McAllister,RB,LV,1,1.1,1.1,2,11.0,0,0,0,0.0,0,0,0,0.0,0,0.0,
00-0037475,Stone Smartt,TE,LAC,7,18.8,34.8,0,0.0,0,19,16,208.0,0,0,0,0.0,0,0.0,0.193125
00-0037487,Deven Thompkins,WR,CAR,4,2.7,6.7,2,7.0,0,4,4,20.0,0,0,0,0.0,0,0.0,0.11571428571428573
00-0037509,Sincere McCormick,RB,LV,4,21.200000000000003,27.200000000000003,39,183.0,0,7,6,29.0,0,0,0,0.0,0,0.0,
00-0037524,Tay Martin,WR,TEN,1,10.9,11.9,0,0.0,0,2,1,49.0,1,0,0,0.0,0,0.0,0.06
00-0037525,Jordan Mason,RB,SF,12,104.0,115.0,153,789.0,3,14,11,91.0,0,0,0,0.0,0,0.0,0.48666666666666664
00-0037539,Lucas Krull,TE,DEN,10,15.200000000000001,34.2,0,0.0,0,23,19,152.0,0,0,0,0.0,0,0.0,0.3821428571428571
00-0037545,Rashid Shaheed,WR,NO,6,61.8,81.80000000000001,6,29.0,0,41,20,349.0,3,0,0,0.0,0,0.0,0.7566666666666667
00-0037557,Ronnie Rivers,RB,LA,5,13.3,18.3,22,99.0,0,6,5,34.0,0,0,0,0.0,0,0.0,0.07263157894736842
00-0037569,Peyton Hendershot,TE,KC,4,5.1,10.1,0,0.0,0,5,5,51.0,0,0,0,0.0,0,0.0,0.17099999999999999
00-0037594,Julius Chestnut,RB,TEN,7,11.3,13.3,22,102.0,0,3,2,11.0,0,0,0,0.0,0,0.0,0.07117647058823529
00-0037609,Aaron Shampklin,RB,PIT,3,1.7000000000000002,1.7000000000000002,6,17.0,0,0,0,0.0,0,0,0,0.0,0,0.0,
00-0037614,John Metchie III,WR,HOU,10,31.400000000000006,55.400000000000006,0,0.0,0,37,24,254.0,1,0,0,0.0,0,0.0,0.47200000000000003
00-0037617,Hassan Haskins,RB,LAC,11,29.8,32.8,34,89.0,2,3,3,49.0,1,0,0,0.0,0,0.0,0.12166666666666666
00-0037654,Tucker Fisk,TE,LAC,7,3.9000000000000004,10.9,0,0.0,0,8,7,39.0,0,0,0,0.0,0,0.0,
00-0037664,Alec Pierce,WR,IND,16,124.4,161.4,0,0.0,0,69,37,824.0,7,0,0,0.0,0,0.0,0.800625
00-0037666,Jalen Tolbert,WR,DAL,17,103.0,152.0,0,0.0,0,79,49,610.0,7,0,0,0.0,0,0.0,0.7576470588235295
00-0037740,Garrett Wilson,WR,NYJ,17,150.9,251.9,2,5.0,0,153,101,1104.0,7,0,0,0.0,0,0.0,0.9629411764705883
00-0037741,Jahan Dotson,WR,PHI,14,22.900000000000002,41.9,1,13.0,0,33,19,216.0,0,0,0,0.0,0,0.0,0.5823809523809524
00-0037742,Treylon Burks,WR,TEN,5,3.5,7.5,2,1.0,0,8,4,34.0,0,0,0,0.0,0,0.0,0.47400000000000003
00-0037744,Trey McBride,TE,ARI,16,132.8,243.8,1,2.0,1,147,111,1146.0,2,0,0,0.0,0,0.0,0.898125
00-0037745,Velus Jones Jr.,RB,CAR,2,1.9000000000000001,2.9000000000000004,3,11.0,0,1,1,8.0,0,0,0,0.0,0,0.0,0.043333333333333335
00-0037746,Brian Robinson,RB,WAS,14,139.8,159.8,187,799.0,8,25,20,159.0,0,0,0,0.0,0,0.0,0.5164705882352941
00-0037801,KaVontae Turpin,WR,DAL,15,73.2,104.2,16,92.0,0,52,31,420.0,2,0,0,0.0,0,0.0,
00-0037805,Jeremy Ruckert,TE,NYJ,13,10.5,28.5,0,0.0,0,28,18,105.0,0,0,0,0.0,0,0.0,0.36764705882352944
00-0037809,Chig Okonkwo,TE,TEN,16,61.6,113.60000000000001,1,17.0,0,70,52,479.0,2,0,0,0.0,0,0.0,0.6052941176470588
00-0037816,Romeo Doubs,WR,GB,13,86.1,132.1,0,0.0,0,72,46,601.0,4,0,0,0.0,0,0.0,0.7585714285714286
00-0037827,Tyrion Davis-Price,RB,PHI,1,0.7000000000000001,0.7000000000000001,3,7.0,0,0,0,0.0,0,0,0,0.0,0,0.0,0.08
00-0037834,Brock Purdy,QB,SF,15,266.86,266.86,66,323.0,5,0,0,0.0,0,300,455,3864.0,20,12.0,0.9893333333333333
00-0037837,Calvin Austin III,WR,PIT,17,84.8,120.8,0,0.0,0,58,36,548.0,4,0,0,0.0,0,0.0,0.5466666666666666
00-0037838,Isaiah Likely,TE,BAL,15,81.7,123.7,0,0.0,0,58,42,477.0,6,0,0,0.0,0,0.0,0.6166666666666667
00-0037840,Kyren Williams,RB,LA,16,238.1,272.1,316,1299.0,14,40,34,182.0,2,0,0,0.0,0,0.0,0.8716666666666666
00-0038040,Zamir White,RB,LV,8,23.3,29.3,65,183.0,1,8,6,30.0,0,0,0,0.0,0,0.0,0.305
00-0038041,Jake Ferguson,TE,DAL,14,45.400000000000006,104.4,0,0.0,0,86,59,494.0,0,0,0,0.0,0,0.0,0.6528571428571429
00-0038046,Charlie Kolar,TE,BAL,7,19.3,28.3,1,2.0,0,11,9,131.0,1,0,0,0.0,0,0.0,0.294
00-0038090,Skyy Moore,WR,KC,2,0.0,0.0,0,0.0,0,3,0,0.0,0,0,0,0.0,0,0.0,0.20333333333333334
00-0038092,Erik Ezukanma,WR,MIA,1,0.0,0.0,0,0.0,0,2,0,0.0,0,0,0,0.0,0,0.0,0.14
00-0038098,Pierre Strong,RB,CLE,11,21.200000000000003,35.2,26,108.0,0,22,14,104.0,0,0,0,0.0,0,0.0,0.19214285714285714
00-0038102,Kenny Pickett,QB,PHI,5,25.14,25.14,9,15.0,1,0,0,0.0,0,25,42,291.0,2,1.0,0.3
00-0038104,Tyquan Thornton,WR,KC,4,4.7,8.7,0,0.0,0,8,4,47.0,0,0,0,0.0,0,0.0,0.295
00-0038108,Bailey Zappe,QB,CLE,1,7.000000000000001,7.000000000000001,2,2.0,0,0,0,0.0,0,16,31,170.0,1,2.0,0.9
00-0038115,Daniel Bellinger,TE,NYG,7,12.5,26.5,0,0.0,0,17,14,125.0,0,0,0,0.0,0,0.0,0.3305882352941176
00-0038117,Wan'Dale Robinson,WR,NYG,17,89.7,182.70000000000002,3,18.0,0,140,93,699.0,3,0,0,0.0,0,0.0,0.7594117647058823
00-0038120,Breece Hall,RB,NYJ,16,183.9,240.9,209,876.0,5,76,57,483.0,3,0,0,0.0,0,0.0,0.72375
00-0038122,Desmond Ridder,QB,LV,5,21.92,21.92,9,36.0,0,0,0,0.0,0,52,85,458.0,2,2.0,0.3333333333333333
00-0038124,Christian Watson,WR,GB,14,76.3,105.3,4,23.0,0,53,29,620.0,2,0,0,0.0,0,0.0,0.5906666666666667
00-0038128,Malik Willis,QB,GB,6,51.800000000000004,51.800000000000004,20,138.0,1,0,0,0.0,0,40,54,550.0,3,0.0,0.4642857142857143
00-0038129,Cade Otton,TE,TB,14,81.60000000000001,140.6,1,-4.0,0,87,59,600.0,4,0,0,0.0,0,0.0,0.9306666666666668
00-0038134,Kenneth Walker III,RB,SEA,11,135.20000000000002,181.2,153,573.0,7,53,46,299.0,1,0,0,0.0,0,0.0,0.6327272727272727
00-0038359,Xavier Smith,WR,LA,3,4.2,6.2,4,36.0,0,2,2,6.0,0,0,0,0.0,0,0.0,
00-0038393,Dontayvion Wicks,WR,GB,17,71.5,110.5,0,0.0,0,76,39,415.0,5,0,0,0.0,0,0.0,0.5594444444444444
00-0038394,Will Mallory,TE,IND,7,2.9000000000000004,6.9,0,0.0,0,8,4,29.0,0,0,0,0.0,0,0.0,0.14
00-0038396,Eric Gray,RB,NYG,10,9.3,19.3,14,31.0,0,11,10,82.0,0,0,0,0.0,0,0.0,0.09529411764705883
00-0038400,Tanner McKee,QB,PHI,2,28.82,28.82,5,-1.0,0,0,0,0.0,0,30,45,323.0,4,0.0,0.66
00-0038416,Tyson Bagent,QB,CHI,4,-0.26000000000000006,-0.26000000000000006,6,-7.0,0,0,0,0.0,0,2,2,11.0,0,0.0,0.052500000000000005
00-0038454,Keaton Mitchell,RB,BAL,2,5.800000000000001,6.800000000000001,15,30.0,0,1,1,28.0,0,0,0,0.0,0,0.0,0.07714285714285715
00-0038465,Malik Heath,WR,GB,5,21.700000000000003,31.700000000000003,0,0.0,0,13,10,97.0,2,0,0,0.0,0,0.0,0.21214285714285716
00-0038476,Tommy DeVito,QB,NYG,2,13.480000000000002,13.480000000000002,8,32.0,0,0,0,0.0,0,31,44,257.0,0,0.0,0.48666666666666664
00-0038477,Bryce Ford-Wheaton,WR,NYG,1,6.0,6.0,0,0.0,0,0,0,0.0,0,0,0,0.0,0,0.0,
00-0038496,Xavier Gipson,WR,NYJ,7,10.4,16.4,1,5.0,0,10,6,39.0,1,0,0,0.0,0,0.0,0.1811764705882353
00-0038498,E.J. Jenkins,TE,PHI,2,6.7,7.7,0,0.0,0,2,1,7.0,1,0,0,0.0,0,0.0,
00-0038507,Grant DuBose,WR,MIA,2,1.1,3.0999999999999996,0,0.0,0,4,2,11.0,0,0,0,0.0,0,0.0,
00-0038519,Nikko Remigio,WR,KC,1,4.800000000000001,6.800000000000001,0,0.0,0,6,2,48.0,0,0,0,0.0,0,0.0,
00-0038542,Bijan Robinson,RB,ATL,17,280.7,341.7,304,1456.0,14,72,61,431.0,1,0,0,0.0,0,0.0,0.7535294117647059
00-0038543,Jaxon Smith-Njigba,WR,SEA,17,153.0,253.0,5,26.0,0,137,100,1130.0,6,1,1,35.0,0,0.0,0.8641176470588235
00-0038544,Quentin Johnston,WR,LAC,15,119.70000000000002,174.70000000000002,3,6.0,0,91,55,711.0,8,0,0,0.0,0,0.0,0.71625
00-0038547,Luke Schoonmaker,TE,DAL,10,30.1,57.1,0,0.0,0,36,27,241.0,1,0,0,0.0,0,0.0,0.3447058823529412
00-0038550,Hendon Hooker,QB,DET,3,2.68,2.68,5,2.0,0,0,0,0.0,0,6,9,62.0,0,0.0,0.16333333333333333
00-0038551,Kendre Miller,RB,NO,6,24.1,29.1,39,148.0,1,8,5,33.0,0,0,0,0.0,0,0.0,0.27999999999999997
00-0038555,Tank Bigsby,RB,JAX,15,122.0,129.0,168,766.0,7,12,7,54.0,0,0,0,0.0,0,0.0,0.36125
00-0038558,Darnell Washington,TE,PIT,13,26.0,45.0,0,0.0,0,25,19,200.0,1,0,0,0.0,0,0.0,0.5094444444444445
00-0038559,Michael Wilson,WR,ARI,16,77.5,124.5,1,7.0,0,71,47,548.0,4,0,0,0.0,0,0.0,0.795625
00-0038563,Tre Tucker,WR,LV,17,82.30000000000001,129.3,9,44.0,1,81,47,539.0,3,0,0,0.0,0,0.0,0.8723529411764706
00-0038573,Derius Davis,WR,LAC,11,27.1,40.1,12,39.0,0,17,13,112.0,2,0,0,0.0,0,0.0,0.1575
00-0038576,Charlie Jones,WR,CIN,2,6.5,7.5,0,0.0,0,1,1,5.0,0,0,0,0.0,0,0.0,0.05500000000000001
00-0038579,Aidan O'Connell,QB,LV,9,93.48,93.48,21,30.0,1,0,0,0.0,0,154,243,1612.0,8,4.0,0.7055555555555555
00-0038582,Clayton Tune,QB,ARI,5,-2.08,-2.08,7,-4.0,0,0,0,0.0,0,2,2,8.0,0,0.0,0.08166666666666667
00-0038583,Dorian Thompson-Robinson,QB,CLE,6,15.8,15.8,21,122.0,0,0,0,0.0,0,61,118,440.0,0,6.0,0.40714285714285714
00-0038589,Josh Whyle,TE,TEN,14,32.8,60.800000000000004,0,0.0,0,37,28,248.0,1,0,0,0.0,0,0.0,0.32
00-0038597,Chase Brown,RB,CIN,16,201.0,255.0,229,990.0,7,65,54,360.0,4,0,0,0.0,0,0.0,0.6275000000000001
00-0038606,Parker Washington,WR,JAX,13,65.0,97.0,0,0.0,0,51,32,390.0,3,0,0,0.0,0,0.0,0.5529411764705883
00-0038608,Kayshon Boutte,WR,NE,15,78.9,121.9,0,0.0,0,68,43,589.0,3,0,0,0.0,0,0.0,0.7806666666666666
00-0038611,Chris Rodriguez Jr.,RB,WAS,6,30.5,31.5,35,173.0,2,1,1,12.0,0,0,0,0.0,0,0.0,0.11777777777777779
00-0038614,Scott Matlock,RB,LAC,5,2.8,6.8,0,0.0,0,5,4,28.0,0,0,0,0.0,0,0.0,0.33555555555555555
00-0038618,Xavier Hutchinson,WR,HOU,14,11.7,23.7,0,0.0,0,26,12,117.0,0,0,0,0.0,0,0.0,0.47388888888888886
00-0038619,Andrei Iosivas,WR,CIN,17,83.9,119.9,0,0.0,0,61,36,479.0,6,0,0,0.0,0,0.0,0.7841176470588236
00-0038621,Demario Douglas,WR,NE,16,81.7,147.70000000000002,3,16.0,0,87,66,621.0,3,0,0,0.0,0,0.0,0.6264705882352941
00-0038622,Deuce Vaughn,RB,DAL,5,8.8,11.8,17,70.0,0,5,3,18.0,0,0,0,0.0,0,0.0,0.09714285714285716
00-0038636,Kenny McIntosh,RB,SEA,7,19.4,22.4,31,172.0,0,4,3,22.0,0,0,0,0.0,0,0.0,0.07470588235294118
00-0038640,Jalen Brooks,WR,DAL,12,23.700000000000003,35.7,0,0.0,0,30,12,177.0,1,0,0,0.0,0,0.0,0.3828571428571429
00-0038643,Brayden Willis,TE,SF,1,0.0,0.0,0,0.0,0,2,0,0.0,0,0,0,0.0,0,0.0,0.037
00-0038647,Ronnie Bell,WR,SF,3,2.2,4.2,0,0.0,0,6,2,22.0,0,0,0,0.0,0,0.0,0.19
00-0038678,Jordan Mims,RB,NO,7,14.100000000000001,26.1,20,70.0,0,18,12,71.0,0,0,0,0.0,0,0.0,0.15181818181818182
00-0038679,Tyrell Shavers,WR,BUF,1,12.9,13.9,0,0.0,0,1,1,69.0,1,0,0,0.0,0,0.0,
00-0038685,Chris Brooks,RB,GB,11,31.200000000000003,42.2,36,183.0,1,13,11,69.0,0,0,0,0.0,0,0.0,
00-0038705,Emari Demercado,RB,ARI,13,38.7,54.7,24,223.0,1,20,16,104.0,0,0,0,0.0,0,0.0,0.2030769230769231
00-0038710,Blake Whiteheart,TE,CLE,7,11.1,17.1,0,0.0,0,9,6,51.0,1,0,0,0.0,0,0.0,
00-0038720,Julian Hill,TE,MIA,11,10.0,22.0,0,0.0,0,19,12,100.0,0,0,0,0.0,0,0.0,0.47875
00-0038738,Hunter Luepke,RB,DAL,13,14.9,26.900000000000002,12,38.0,0,16,12,111.0,0,0,0,0.0,0,0.0,0.3025
00-0038752,Jake Bobo,WR,SEA,11,16.700000000000003,29.7,0,0.0,0,17,13,107.0,1,0,0,0.0,0,0.0,0.2923529411764706
00-0038783,Nate Adkins,TE,DEN,12,29.5,43.5,0,0.0,0,15,14,115.0,3,0,0,0.0,0,0.0,0.3688888888888889
00-0038794,Jaleel McLaughlin,RB,DEN,16,73.2,97.2,113,496.0,1,27,24,76.0,2,0,0,0.0,0,0.0,0.27647058823529413
00-0038797,Emanuel Wilson,RB,GB,17,85.0,96.0,103,502.0,4,14,11,48.0,1,0,0,0.0,0,0.0,0.23055555555555557
00-0038809,Ben Sims,TE,GB,4,4.2,8.200000000000001,0,0.0,0,5,4,42.0,0,0,0,0.0,0,0.0,0.21294117647058824
00-0038821,Rakim Jarrett,WR,TB,6,12.4,21.400000000000002,0,0.0,0,11,9,124.0,0,0,0,0.0,0,0.0,0.3090909090909091
00-0038824,Ryan Miller,WR,TB,8,24.8,36.8,0,0.0,0,20,12,128.0,2,0,0,0.0,0,0.0,
00-0038840,Brycen Tremayne,WR,WAS,1,-0.2,0.8,0,0.0,0,1,1,-2.0,0,0,0,0.0,0,0.0,
00-0038920,John Shenker,TE,LV,1,0.7000000000000001,1.7000000000000002,0,0.0,0,1,1,7.0,0,0,0,0.0,0,0.0,
00-0038933,Dalton Kincaid,TE,BUF,13,56.800000000000004,100.8,0,0.0,0,75,44,448.0,2,0,0,0.0,0,0.0,0.546875
00-0038935,Brenton Strange,TE,JAX,14,51.1,91.1,0,0.0,0,53,40,411.0,2,0,0,0.0,0,0.0,0.5423529411764706
00-0038938,Jalin Hyatt,WR,NYG,10,6.2,14.2,0,0.0,0,19,8,62.0,0,0,0,0.0,0,0.0,0.315
00-0038941,Tyler Scott,WR,CHI,1,0.5,1.5,0,0.0,0,1,1,5.0,0,0,0,0.0,0,0.0,0.025454545454545455
00-0038951,Sean Tucker,RB,TB,11,59.7,68.7,50,308.0,2,12,9,109.0,1,0,0,0.0,0,0.0,0.08722222222222223
00-0038976,Marvin Mims Jr.,WR,DEN,16,90.5,129.5,13,42.0,0,52,39,503.0,6,0,0,0.0,0,0.0,0.29277777777777775
00-0038977,Tank Dell,WR,HOU,14,89.0,140.0,9,43.0,0,81,51,667.0,3,0,0,0.0,0,0.0,0.6892857142857143
00-0038979,Cedric Tillman,WR,CLE,9,51.4,80.4,1,-5.0,0,49,29,339.0,3,0,0,0.0,0,0.0,0.5490909090909091
00-0038994,Jordan Addison,WR,MIN,15,149.5,212.5,3,20.0,1,99,63,875.0,9,0,0,0.0,0,0.0,0.82375
00-0038996,Tucker Kraft,TE,GB,17,113.30000000000001,163.3,3,6.0,0,70,50,707.0,7,0,0,0.0,0,0.0,0.8638888888888889
00-0038997,Josh Downs,WR,IND,14,110.2,182.2,1,-1.0,0,107,72,803.0,5,0,0,0.0,0,0.0,0.6442857142857142
00-0038998,Jake Haener,QB,NO,8,13.24,13.24,11,22.0,0,0,0,0.0,0,18,39,226.0,1,1.0,0.16125
00-0039021,Roschon Johnson,RB,CHI,12,61.4,77.4,55,150.0,6,20,16,104.0,0,0,0,0.0,0,0.0,0.2814285714285714
00-0039032,Tyjae Spears,RB,TEN,12,83.60000000000001,113.60000000000001,84,312.0,4,35,30,224.0,1,0,0,0.0,0,0.0,0.4275
00-0039040,De'Von Achane,RB,MIA,17,221.9,299.9,203,907.0,6,87,78,592.0,6,0,0,0.0,0,0.0,0.6241176470588234
00-0039041,Elijah Higgins,TE,ARI,14,29.200000000000003,49.2,0,0.0,0,24,20,172.0,2,0,0,0.0,0,0.0,0.3805882352941176
00-0039050,Payne Durham,TE,TB,5,23.5,34.5,0,0.0,0,14,11,115.0,2,0,0,0.0,0,0.0,0.39176470588235296
00-0039052,Trey Palmer,WR,TB,10,23.200000000000003,35.2,0,0.0,0,22,12,172.0,1,0,0,0.0,0,0.0,0.279375
00-0039062,Jonathan Mingo,WR,DAL,14,15.200000000000001,32.2,2,5.0,0,42,17,167.0,0,0,0,0.0,0,0.0,0.42411764705882354
00-0039064,Zay Flowers,WR,BAL,17,135.5,209.5,9,56.0,0,116,74,1059.0,4,0,0,0.0,0,0.0,0.7464705882352941
00-0039065,Sam LaPorta,TE,DET,16,114.60000000000001,174.6,0,0.0,0,83,60,726.0,7,0,0,0.0,0,0.0,0.8558823529411765
00-0039066,Michael Mayer,TE,LV,11,15.600000000000001,36.6,0,0.0,0,32,21,156.0,0,0,0,0.0,0,0.0,0.63
00-0039067,Rashee Rice,WR,KC,3,40.900000000000006,64.9,1,1.0,0,29,24,288.0,2,0,0,0.0,0,0.0,0.6025
00-0039074,Davis Allen,TE,LA,6,3.9000000000000004,9.9,0,0.0,0,13,6,39.0,0,0,0,0.0,0,0.0,0.3070588235294118
00-0039075,Puka Nacua,WR,LA,11,127.60000000000001,206.6,11,46.0,1,106,79,990.0,3,0,0,0.0,0,0.0,0.7238461538461538
00-0039139,Jahmyr Gibbs,RB,DET,17,302.9,354.9,250,1412.0,16,63,52,497.0,3,0,0,0.0,0,0.0,0.5638888888888889
00-0039144,Luke Musgrave,TE,GB,7,4.5,11.5,0,0.0,0,10,7,45.0,0,0,0,0.0,0,0.0,0.2975
00-0039146,Jayden Reed,WR,GB,17,142.0,197.0,20,163.0,1,75,55,857.0,6,0,0,0.0,0,0.0,0.6272222222222221
00-0039150,Bryce Young,QB,CAR,14,195.02,195.02,43,249.0,6,0,0,0.0,0,234,384,2403.0,15,9.0,0.8671428571428572
00-0039152,Will Levis,QB,TEN,12,119.94,119.94,45,183.0,0,0,0,0.0,0,190,301,2091.0,13,12.0,0.8516666666666667
00-0039163,C.J. Stroud,QB,HOU,17,220.38,220.38,52,233.0,0,1,0,0.0,0,336,532,3727.0,20,12.0,0.9378947368421052
00-0039164,Anthony Richardson,QB,IND,11,162.36,163.36,86,499.0,6,1,1,-1.0,0,126,264,1814.0,8,12.0,0.9254545454545454
00-0039165,Zach Charbonnet,RB,SEA,17,141.70000000000002,183.70000000000002,135,569.0,8,52,42,308.0,1,0,0,0.0,0,0.0,0.5270588235294118
00-0039236,Johnny Wilson,WR,PHI,9,9.8,14.8,0,0.0,0,15,5,38.0,1,0,0,0.0,0,0.0,0.298
00-0039244,Chris Collier,RB,LV,2,0.8,1.8,5,12.0,0,2,1,-4.0,0,0,0,0.0,0,0.0,
00-0039299,George Holani,RB,SEA,2,0.9,1.9,3,10.0,0,1,1,-1.0,0,0,0,0.0,0,0.0,
00-0039316,Baylor Cupp,TE,KC,1,0.0,0.0,0,0.0,0,1,0,0.0,0,0,0,0.0,0,0.0,
00-0039325,Carson Steele,RB,KC,12,16.900000000000002,23.900000000000002,56,183.0,0,11,7,26.0,0,0,0,0.0,0,0.0,
00-0039337,Malik Nabers,WR,NYG,15,164.60000000000002,273.6,5,2.0,0,170,109,1204.0,7,0,1,0.0,0,0.0,0.906
00-0039338,Brock Bowers,TE,LV,17,150.70000000000002,262.7,5,13.0,0,153,112,1194.0,5,0,0,0.0,0,0.0,0.8494117647058823
00-0039342,Xavier Legette,WR,CAR,15,76.10000000000001,125.10000000000001,6,24.0,0,84,49,497.0,4,0,0,0.0,0,0.0,0.698125
00-0039344,Jonathon Brooks,RB,CAR,3,4.500000000000001,7.500000000000001,9,22.0,0,3,3,23.0,0,0,0,0.0,0,0.0,0.11
00-0039355,Luke McCaffrey,WR,WAS,12,16.8,34.8,0,0.0,0,24,18,168.0,0,0,0,0.0,0,0.0,0.3355
00-0039356,Ja'Tavion Sanders,TE,CAR,15,40.2,73.2,0,0.0,0,43,33,342.0,1,0,0,0.0,0,0.0,0.56125
00-0039359,Cade Stover,TE,HOU,13,19.3,34.3,0,0.0,0,22,15,133.0,1,0,0,0.0,0,0.0,0.409375
00-0039361,Bucky Irving,RB,TB,17,197.4,244.4,207,1122.0,8,52,47,392.0,0,0,0,0.0,0,0.0,0.4577777777777778
00-0039363,Isaac Guerendo,RB,SF,13,81.2,96.2,84,420.0,4,16,15,152.0,0,0,0,0.0,0,0.0,0.229375
00-0039364,Sione Vaki,RB,DET,4,5.1,8.1,6,14.0,0,3,3,37.0,0,0,0,0.0,0,0.0,0.020588235294117647
00-0039365,Jacob Cowing,WR,SF,3,8.7,12.7,1,7.0,0,6,4,80.0,0,0,0,0.0,0,0.0,0.10400000000000001
00-0039373,Audric Estimé,RB,DEN,13,43.7,48.7,76,310.0,2,5,5,27.0,0,0,0,0.0,0,0.0,0.16615384615384615
00-0039376,Spencer Rattler,QB,NO,7,67.28,67.28,18,146.0,0,0,0,0.0,0,130,228,1317.0,4,5.0,0.8814285714285715
00-0039379,Jamari Thrash,WR,CLE,6,2.2,5.2,0,0.0,0,7,3,22.0,0,0,0,0.0,0,0.0,0.23000000000000004
00-0039384,Tyrone Tracy Jr.,RB,NYG,17,144.3,182.3,192,839.0,5,53,38,284.0,1,0,0,0.0,0,0.0,0.5735294117647058
00-0039386,Bub Means,WR,NO,4,17.8,26.8,0,0.0,0,15,9,118.0,1,0,0,0.0,0,0.0,0.29714285714285715
00-0039391,Kimani Vidal,RB,LAC,9,27.700000000000003,32.7,43,155.0,0,9,5,62.0,1,0,0,0.0,0,0.0,0.277
00-0039392,Jha'Quan Jackson,WR,TEN,2,0.30000000000000004,1.3,1,-5.0,0,3,1,8.0,0,0,0,0.0,0,0.0,0.057499999999999996
00-0039393,Jase McClellan,RB,ATL,2,3.2,3.2,13,32.0,0,0,0,0.0,0,0,0,0.0,0,0.0,0.15
00-0039394,Casey Washington,WR,ATL,2,1.4000000000000001,2.4000000000000004,0,0.0,0,2,1,14.0,0,0,0,0.0,0,0.0,0.01625
00-0039398,Joe Milton III,QB,NE,1,19.240000000000002,19.240000000000002,10,16.0,1,0,0,0.0,0,22,29,241.0,1,0.0,0.95
00-0039407,Dylan Laube,RB,LV,1,-2.0,-2.0,1,0.0,0,0,0,0.0,0,0,0,0.0,0,0.0,0.004
00-0039410,Ryan Flournoy,WR,DAL,7,8.200000000000001,18.200000000000003,0,0.0,0,14,10,102.0,0,0,0,0.0,0,0.0,0.2
00-0039420,Jaheim Bell,TE,NE,3,2.0,4.0,0,0.0,0,3,2,20.0,0,0,0,0.0,0,0.0,0.08600000000000001
00-0039424,Devaughn Vele,WR,DEN,13,65.5,106.5,0,0.0,0,55,41,475.0,3,0,0,0.0,0,0.0,0.5307142857142857
00-0039451,Isaiah Williams,WR,CIN,1,0.6000000000000001,2.6,0,0.0,0,3,2,6.0,0,0,0,0.0,0,0.0,
00-0039458,Brenden Bates,TE,CLE,1,0.0,0.0,0,0.0,0,1,0,0.0,0,0,0,0.0,0,0.0,
00-0039491,Jalen Coker,WR,CAR,11,60.56,92.56,0,0.0,0,46,32,478.0,2,1,1,19.0,0,0.0,
00-0039521,Xavier Weaver,WR,ARI,2,0.0,0.0,0,0.0,0,2,0,0.0,0,0,0,0.0,0,0.0,
00-0039530,Brevyn Spann-Ford,TE,DAL,6,8.8,17.8,0,0.0,0,14,9,88.0,0,0,0,0.0,0,0.0,
00-0039543,Ramel Keyton,WR,LV,2,0.7000000000000001,1.7000000000000002,0,0.0,0,3,1,7.0,0,0,0,0.0,0,0.0,
00-0039573,Blake Watson,RB,DEN,1,2.3000000000000003,3.3000000000000003,4,10.0,0,2,1,13.0,0,0,0,0.0,0,0.0,
00-0039589,Kameron Johnson,WR,TB,3,1.1,1.1,2,11.0,0,1,0,0.0,0,0,0,0.0,0,0.0,
00-0039603,British Brooks,RB,HOU,1,0.2,0.2,1,2.0,0,0,0,0.0,0,0,0,0.0,0,0.0,
00-0039613,Dallin Holker,TE,NO,2,2.1,5.1,0,0.0,0,4,3,21.0,0,0,0,0.0,0,0.0,
00-0039614,Jermaine Jackson,WR,NO,1,-0.1,-0.1,1,-1.0,0,0,0,0.0,0,0,0,0.0,0,0.0,
00-0039617,Jacob Kibodi,RB,CLE,1,3.9000000000000004,4.9,5,24.0,0,3,1,15.0,0,0,0,0.0,0,0.0,
00-0039623,Mason Tipton,WR,NO,9,9.9,23.9,0,0.0,0,26,14,99.0,0,0,0,0.0,0,0.0,
00-0039631,Cam Grandy,TE,CIN,4,2.8000000000000003,7.800000000000001,0,0.0,0,5,5,28.0,0,0,0,0.0,0,0.0,
00-0039648,David Martin-Robinson,TE,TEN,2,0.6000000000000001,1.6,0,0.0,0,2,1,6.0,0,0,0,0.0,0,0.0,
00-0039650,Bryce Oliver,WR,TEN,5,9.5,15.500000000000002,0,0.0,0,9,6,95.0,0,0,0,0.0,0,0.0,
00-0039703,Cody Schrader,RB,LA,1,0.9,1.9,1,3.0,0,1,1,6.0,0,0,0,0.0,0,0.0,
00-0039732,Bo Nix,QB,DEN,17,316.2,317.2,92,430.0,4,1,1,2.0,1,376,567,3775.0,29,12.0,0.9888888888888889
00-0039737,Tip Reiman,TE,ARI,5,3.7,9.7,0,0.0,0,7,6,37.0,0,0,0,0.0,0,0.0,0.4123529411764706
00-0039738,Blake Corum,RB,LA,14,26.5,33.5,58,207.0,0,8,7,58.0,0,0,0,0.0,0,0.0,0.11176470588235295
00-0039746,Will Shipley,RB,PHI,5,11.700000000000001,15.7,30,82.0,0,4,4,35.0,0,0,0,0.0,0,0.0,0.05500000000000001
00-0039747,Ainias Smith,WR,PHI,3,10.700000000000001,17.7,2,6.0,0,9,7,41.0,1,0,0,0.0,0,0.0,0.19999999999999998
00-0039751,Jordan Whittington,WR,LA,6,30.5,52.5,2,12.0,0,28,22,293.0,0,0,0,0.0,0,0.0,0.2788235294117647
00-0039754,Devin Culp,TE,TB,2,8.8,13.799999999999999,0,0.0,0,6,5,88.0,0,0,0,0.0,0,0.0,0.11200000000000002
00-0039757,Terrell Jennings,RB,NE,2,3.3,3.3,13,33.0,0,1,0,0.0,0,0,0,0.0,0,0.0,
00-0039792,Devontez Walker,WR,BAL,2,8.1,9.1,0,0.0,0,3,1,21.0,1,0,0,0.0,0,0.0,0.08636363636363636
00-0039793,AJ Barner,TE,SEA,14,48.5,78.5,0,0.0,0,38,30,245.0,4,0,0,0.0,0,0.0,0.4505882352941177
00-0039794,Braelon Allen,RB,NYJ,17,66.2,85.2,92,334.0,2,27,19,148.0,1,0,0,0.0,0,0.0,0.26
00-0039796,Rasheen Ali,RB,BAL,4,3.1,3.1,10,31.0,0,2,0,0.0,0,0,0,0.0,0,0.0,0.07833333333333334
00-0039798,Isaiah Davis,RB,NYJ,9,36.9,45.9,30,174.0,1,12,9,75.0,1,0,0,0.0,0,0.0,0.09999999999999999
00-0039810,Jermaine Burton,WR,CIN,4,10.700000000000001,14.700000000000001,0,0.0,0,14,4,107.0,0,0,0,0.0,0,0.0,0.13499999999999998
00-0039811,MarShawn Lloyd,RB,GB,1,1.8,2.8,6,15.0,0,1,1,3.0,0,0,0,0.0,0,0.0,0.14
00-0039814,Erick All,TE,CIN,8,15.8,35.800000000000004,0,0.0,0,22,20,158.0,0,0,0,0.0,0,0.0,0.41888888888888887
00-0039816,Anthony Gould,WR,IND,1,2.3000000000000003,3.3000000000000003,0,0.0,0,1,1,23.0,0,0,0,0.0,0,0.0,0.035
00-0039824,Jared Wiley,TE,KC,1,0.7000000000000001,1.7000000000000002,0,0.0,0,1,1,7.0,0,0,0,0.0,0,0.0,0.19285714285714287
00-0039847,Theo Johnson,TE,NYG,10,39.1,68.1,0,0.0,0,43,29,331.0,1,0,0,0.0,0,0.0,0.8416666666666667
00-0039849,Marvin Harrison Jr.,WR,ARI,17,134.5,196.5,0,0.0,0,116,62,885.0,8,0,0,0.0,0,0.0,0.7858823529411765
00-0039851,Drake Maye,QB,NE,13,177.14,177.14,54,421.0,2,0,0,0.0,0,225,338,2276.0,15,10.0,0.8046153846153847
00-0039853,Javon Baker,WR,NE,4,1.2000000000000002,2.2,0,0.0,0,4,1,12.0,0,0,0,0.0,0,0.0,0.12727272727272726
00-0039855,Jalen McMillan,WR,TB,13,98.4,135.4,4,43.0,0,58,37,461.0,8,0,0,0.0,0,0.0,0.7221428571428571
00-0039868,Troy Franklin,WR,DEN,16,39.1,67.1,2,8.0,0,53,28,263.0,2,0,0,0.0,0,0.0,0.3764705882352941
00-0039874,Jaylen Wright,RB,MIA,13,23.700000000000003,26.7,68,249.0,0,6,3,8.0,0,0,0,0.0,0,0.0,0.16999999999999998
00-0039875,Ray Davis,RB,BUF,16,99.1,116.1,113,442.0,3,19,17,189.0,3,0,0,0.0,0,0.0,0.2225
00-0039880,Malik Washington,WR,MIA,12,30.8,56.8,5,25.0,1,36,26,223.0,0,0,0,0.0,0,0.0,0.4471428571428571
00-0039890,Adonai Mitchell,WR,IND,17,30.76,53.76,4,6.0,0,55,23,312.0,0,1,1,24.0,0,0.0,0.361764705882353
00-0039893,Brian Thomas Jr.,WR,JAX,17,197.0,284.0,6,48.0,0,133,87,1282.0,10,0,0,0.0,0,0.0,0.7935294117647059
00-0039894,Xavier Worthy,WR,KC,16,128.20000000000002,187.2,20,104.0,3,98,59,638.0,6,0,0,0.0,0,0.0,0.6725
00-0039901,Keon Coleman,WR,BUF,13,82.5,111.5,1,9.0,0,57,29,556.0,4,0,0,0.0,0,0.0,0.704375
00-0039907,Ja'Lynn Polk,WR,NE,13,20.7,32.699999999999996,1,0.0,0,33,12,87.0,2,0,0,0.0,0,0.0,0.46066666666666667
00-0039910,Jayden Daniels,QB,WAS,17,355.82,355.82,148,891.0,6,0,0,0.0,0,331,480,3568.0,25,9.0,0.9199999999999999
00-0039912,Ben Sinnott,TE,WAS,4,8.8,13.8,0,0.0,0,5,5,28.0,1,0,0,0.0,0,0.0,0.23399999999999999
00-0039915,Ladd McConkey,WR,LAC,16,158.9,240.9,0,0.0,0,112,82,1149.0,7,0,0,0.0,0,0.0,0.7411764705882353
00-0039916,Ricky Pearsall,WR,SF,10,62.50000000000001,93.5,3,45.0,0,46,31,400.0,3,0,1,0.0,0,0.0,0.67
00-0039917,Michael Penix Jr.,QB,ATL,5,44.1,44.1,7,11.0,1,0,0,0.0,0,61,105,775.0,3,3.0,0.664
00-0039918,Caleb Williams,QB,CHI,17,254.54000000000002,254.54000000000002,81,489.0,0,0,0,0.0,0,351,562,3541.0,20,6.0,0.9876470588235293
00-0039919,Rome Odunze,WR,CHI,17,90.9,144.9,3,15.0,0,101,54,734.0,3,0,0,0.0,0,0.0,0.8358823529411765
00-0039920,Malachi Corley,WR,NYJ,5,4.2,7.2,2,26.0,0,6,3,16.0,0,0,0,0.0,0,0.0,0.15111111111111108
00-0039921,Trey Benson,RB,ARI,12,41.0,47.0,63,291.0,1,6,6,59.0,0,0,0,0.0,0,0.0,0.16692307692307692
