player_name,team,position,pos_rank_label,ecr_rank,adp,rank_min,rank_max,rank_std,bye_week,owned_avg_pct
Ja'Marr Chase,CIN,WR,WR1,1,1.51,1,6,0.98,6,99.6
Jahmyr Gibbs,DET,RB,RB1,2,2.91,1,7,1.59,6,99.5
Puka Nacua,LAR,WR,WR2,3,3.48,1,9,1.55,11,99.7
Bijan Robinson,ATL,RB,RB2,4,3.76,1,5,1.47,11,99.4
Jaxon Smith-Njigba,SEA,WR,WR3,5,4.76,1,11,1.50,11,99.7
Amon-Ra St. Brown,DET,WR,WR4,6,5.48,3,9,1.37,6,99.6
CeeDee Lamb,DAL,WR,WR5,7,8.85,4,18,2.33,14,99.4
Justin Jefferson,MIN,WR,WR6,8,9.1,3,17,2.15,6,99.4
Christian McCaffrey,SF,RB,RB3,9,10.22,5,31,5.07,8,99.5
Drake London,ATL,WR,WR7,10,12.24,8,26,3.09,11,99.1
Jonathan Taylor,IND,RB,RB4,11,12.73,7,33,6.35,13,99.4
A.J. Brown,NE,WR,WR8,12,13.94,6,35,4.72,11,99.3
Ashton Jeanty,LV,RB,RB5,13,16.61,7,34,5.54,13,99.4
Nico Collins,HOU,WR,WR9,14,16.75,11,29,3.88,8,99.3
James Cook III,BUF,RB,RB6,15,17.58,7,34,7.32,7,99.5
Brock Bowers,LV,TE,TE1,16,17.96,10,32,3.39,13,99.5
Chase Brown,CIN,RB,RB7,17,18.13,7,39,6.10,6,98.7
Chris Olave,NO,WR,WR10,18,18.97,11,36,5.89,8,98.0
George Pickens,DAL,WR,WR11,19,20.1,11,40,6.16,14,99.3
Trey McBride,ARI,TE,TE2,20,20.92,16,33,4.27,14,99.4
De'Von Achane,MIA,RB,RB8,21,22.1,5,41,7.58,6,99.3
Rashee Rice,KC,WR,WR12,22,22.19,11,45,8.36,5,98.6
DeVonta Smith,PHI,WR,WR13,23,24.07,11,45,7.37,10,98.1
Malik Nabers,NYG,WR,WR14,24,24.9,9,48,9.85,8,98.4
Saquon Barkley,PHI,RB,RB9,25,25.07,7,41,6.86,10,99.4
Josh Allen,BUF,QB,QB1,26,25.91,21,37,2.77,7,99.7
Omarion Hampton,LAC,RB,RB10,27,25.96,10,43,7.26,7,99.0
Kenneth Walker III,KC,RB,RB11,28,28.08,13,56,8.67,5,99.2
Garrett Wilson,NYJ,WR,WR15,29,29.85,14,45,7.07,13,96.6
Zay Flowers,BAL,WR,WR16,30,29.99,14,48,7.93,13,97.8
Lamar Jackson,BAL,QB,QB2,31,33.55,25,70,10.97,13,99.2
Tetairoa McMillan,CAR,WR,WR17,32,33.82,18,51,6.97,5,97.6
Ladd McConkey,LAC,WR,WR18,33,36.25,15,51,7.02,7,96.1
Tee Higgins,CIN,WR,WR19,34,36.29,19,51,6.95,6,96.9
Jaylen Waddle,DEN,WR,WR20,35,36.35,19,51,6.82,10,95.7
Derrick Henry,BAL,RB,RB12,36,38.15,14,50,8.40,13,99.2
Drake Maye,NE,QB,QB3,37,38.22,26,119,15.84,11,98.7
Colston Loveland,CHI,TE,TE3,38,38.54,22,95,13.88,10,99.1
Emeka Egbuka,TB,WR,WR21,39,39.88,15,64,8.08,10,97.1
Jeremiyah Love,ARI,RB,RB13,40,40.3,26,67,8.04,14,98.4
Breece Hall,NYJ,RB,RB14,41,40.54,29,58,6.17,13,97.4
Kyren Williams,LAR,RB,RB15,42,42.46,23,56,6.67,11,97.8
Javonte Williams,DAL,RB,RB16,43,44.97,31,61,6.17,14,97.2
Josh Jacobs,GB,RB,RB17,44,45.02,29,61,7.00,11,98.3
Terry McLaurin,WAS,WR,WR22,45,46.03,28,64,6.75,7,93.8
Joe Burrow,CIN,QB,QB4,46,46.68,27,101,14.89,6,97.8
Luther Burden III,CHI,WR,WR23,47,47.56,29,69,8.91,10,92.9
Travis Etienne Jr.,NO,RB,RB18,48,49.64,33,72,8.30,8,95.8
Davante Adams,LAR,WR,WR24,49,50.85,36,71,6.83,11,96.1
DJ Moore,BUF,WR,WR25,50,52.44,19,107,12.36,7,93.0
Mike Evans,SF,WR,WR26,51,54.18,42,81,9.11,8,90.5
Tyler Warren,IND,TE,TE4,52,54.27,22,85,10.87,13,98.6
Jayden Daniels,WAS,QB,QB5,53,54.71,27,108,17.58,7,97.7
Jameson Williams,DET,WR,WR27,54,54.94,40,96,9.43,6,93.1
Cam Skattebo,NYG,RB,RB19,55,56.42,39,77,8.85,8,97.1
Rome Odunze,CHI,WR,WR28,56,57.22,40,82,8.92,10,92.1
D'Andre Swift,CHI,RB,RB20,57,57.6,42,80,7.98,10,92.7
Christian Watson,GB,WR,WR29,58,57.64,42,100,9.94,11,88.8
Jalen Hurts,PHI,QB,QB6,59,57.96,30,98,13.13,10,97.2
Bucky Irving,TB,RB,RB21,60,59.01,41,86,9.45,10,95.1
David Montgomery,HOU,RB,RB22,61,61.27,40,86,8.98,8,92.6
Quinshon Judkins,CLE,RB,RB23,62,61.3,41,84,9.74,11,94.0
Carnell Tate,TEN,WR,WR30,63,66.5,45,126,16.30,9,91.2
Parker Washington,JAC,WR,WR31,64,66.72,45,115,16.65,7,85.8
Caleb Williams,CHI,QB,QB7,65,66.81,27,98,13.71,10,93.6
TreVeyon Henderson,NE,RB,RB24,66,67.61,41,89,10.01,11,92.3
Marvin Harrison Jr.,ARI,WR,WR32,67,69.23,45,116,13.07,14,88.4
Bhayshul Tuten,JAC,RB,RB25,68,69.36,46,102,10.26,7,90.4
Justin Herbert,LAC,QB,QB8,69,71.01,37,114,12.91,7,91.1
Jadarian Price,SEA,RB,RB26,70,74.52,50,118,10.62,11,89.2
Harold Fannin Jr.,CLE,TE,TE5,71,74.53,32,112,13.11,11,94.1
Brian Thomas Jr.,JAC,WR,WR33,72,75.79,49,116,13.55,7,86.6
Jaylen Warren,PIT,RB,RB27,73,76.15,58,99,7.81,9,87.6
Tucker Kraft,GB,TE,TE6,74,76.75,57,111,13.01,11,92.6
Trevor Lawrence,JAC,QB,QB9,75,77.54,37,112,14.90,7,88.6
Chris Godwin Jr.,TB,WR,WR34,76,78.19,48,123,14.46,10,78.5
DK Metcalf,PIT,WR,WR35,77,79.06,51,115,13.35,9,89.1
Kyle Pitts Sr.,ATL,TE,TE7,78,79.28,63,97,9.54,11,95.3
Dak Prescott,DAL,QB,QB10,79,79.5,37,113,14.52,14,92.1
Rhamondre Stevenson,NE,RB,RB28,80,80.24,61,117,10.11,11,86.0
Michael Pittman Jr.,PIT,WR,WR36,81,81.74,45,114,13.45,9,82.3
Courtland Sutton,DEN,WR,WR37,82,82.83,49,116,14.29,10,86.7
Tony Pollard,TEN,RB,RB29,83,83.23,58,118,10.85,9,85.7
Sam LaPorta,DET,TE,TE8,84,83.34,57,106,11.25,6,95.6
Wan'Dale Robinson,TEN,WR,WR38,85,86.26,45,123,14.98,9,70.6
Josh Downs,IND,WR,WR39,86,86.47,49,133,14.01,13,77.9
Rico Dowdle,PIT,RB,RB30,87,87.49,61,117,12.37,9,85.5
Michael Wilson,ARI,WR,WR40,88,88.23,60,133,16.08,14,83.4
RJ Harvey,DEN,RB,RB31,89,93.58,43,145,17.46,10,82.3
Brock Purdy,SF,QB,QB11,90,96.57,63,130,10.88,8,85.6
Jonathon Brooks,CAR,RB,RB32,91,97.19,65,243,29.92,5,76.4
Chuba Hubbard,CAR,RB,RB33,92,97.25,72,141,14.86,5,85.8
Jaxson Dart,NYG,QB,QB12,93,97.73,59,129,14.69,8,92.4
Alec Pierce,IND,WR,WR41,94,98.45,64,170,20.88,13,84.1
Travis Kelce,KC,TE,TE9,95,99.11,66,138,14.42,5,89.3
Quentin Johnston,LAC,WR,WR42,96,99.75,69,149,15.01,7,76.4
Patrick Mahomes II,KC,QB,QB13,97,100.24,70,138,12.51,5,87.2
Stefon Diggs,WAS,WR,WR47,108,100.53,51,225,36.32,7,74.2
Kenny Gainwell,TB,RB,RB34,98,100.76,65,135,15.26,10,77.7
Bo Nix,DEN,QB,QB14,99,101.13,74,126,9.02,10,86.5
George Kittle,SF,TE,TE10,100,101.25,32,154,17.95,8,89.3
Jakobi Meyers,JAC,WR,WR43,101,101.64,55,163,17.61,7,73.2
J.K. Dobbins,DEN,RB,RB35,102,102.83,78,143,16.55,10,81.5
Matthew Stafford,LAR,QB,QB15,103,104.18,59,147,13.49,11,90.6
Jayden Reed,GB,WR,WR44,104,106.01,78,132,13.37,11,75.2
Jordan Addison,MIN,WR,WR45,105,106.3,71,149,14.27,6,78.8
Makai Lemon,PHI,WR,WR46,106,106.68,69,163,17.94,10,79.7
Jared Goff,DET,QB,QB16,107,107.09,63,146,11.27,6,74.9
Rachaad White,WAS,RB,RB36,109,109.08,72,157,16.32,7,72.1
Blake Corum,LAR,RB,RB37,110,110.31,80,143,14.44,11,78.3
Kyle Monangai,CHI,RB,RB38,111,111.59,78,157,14.64,10,79.7
Kyler Murray,MIN,QB,QB17,112,112.47,59,139,11.21,6,65.9
Dalton Kincaid,BUF,TE,TE11,113,113.67,85,155,15.80,7,81.2
Aaron Jones Sr.,MIN,RB,RB39,114,113.89,78,146,16.73,6,74.5
Jake Ferguson,DAL,TE,TE12,115,114.35,73,173,18.66,14,84.5
Jacory Croskey-Merritt,WAS,RB,RB40,116,117.14,80,143,12.58,7,73.8
Baker Mayfield,TB,QB,QB18,117,118.42,98,170,10.18,10,58.2
Jordan Mason,MIN,RB,RB41,118,119.27,77,182,16.50,6,67.2
Jordan Love,GB,QB,QB19,119,119.56,92,169,10.24,11,54.1
Isaiah Likely,NYG,TE,TE13,120,119.58,85,236,26.35,8,81.1
Khalil Shakir,BUF,WR,WR48,121,120.14,88,163,15.19,7,59.0
Dallas Goedert,PHI,TE,TE14,122,120.66,97,186,16.75,10,84.4
KC Concepcion,CLE,WR,WR49,123,122.29,79,210,22.57,11,59.9
Tyler Shough,NO,QB,QB20,124,123.66,79,206,15.16,8,45.4
Jalen Coker,CAR,WR,WR50,125,124.5,90,168,17.03,5,45.3
Jordyn Tyson,NO,WR,WR51,126,124.69,91,197,25.87,8,81.7
Xavier Worthy,KC,WR,WR52,127,127.51,91,195,16.08,5,63.7
Matthew Golden,GB,WR,WR53,128,129.54,82,184,20.21,11,69.5
Mark Andrews,BAL,TE,TE15,129,129.97,87,229,23.94,13,80.4
Romeo Doubs,NE,WR,WR54,130,131.54,91,180,18.02,11,57.1
Malik Willis,MIA,QB,QB21,131,133.19,98,242,24.93,6,38.1
Juwan Johnson,NO,TE,TE16,132,136.07,95,190,20.35,8,41.9
Chris Rodriguez Jr.,JAC,RB,RB42,133,139.45,116,231,15.65,7,40.1
Woody Marks,HOU,RB,RB43,134,139.6,89,168,13.82,8,46.5
Deebo Samuel Sr.,SF,WR,WR56,143,140.12,82,241,32.52,8,58.8
Tyler Allgeier,ARI,RB,RB44,135,140.19,109,180,13.29,14,40.2
Tyjae Spears,TEN,RB,RB45,136,140.97,93,201,15.99,9,36.9
Tyrone Tracy Jr.,NYG,RB,RB46,137,141.04,103,228,20.49,8,36.9
Sam Darnold,SEA,QB,QB22,138,142.06,113,249,18.37,11,37.1
C.J. Stroud,HOU,QB,QB23,139,143.46,108,237,19.73,8,31.7
Zach Charbonnet,SEA,RB,RB47,140,146.75,80,244,23.70,11,59.8
Dylan Sampson,CLE,RB,RB48,141,147.93,103,237,17.65,11,19.4
Rashid Shaheed,SEA,WR,WR58,145,149.99,115,223,17.81,11,42.7
De'Zhaun Stribling,SF,WR,WR55,142,151.13,76,289,43.76,8,33.8
Keaton Mitchell,LAC,RB,RB49,147,152.37,104,248,26.40,7,29.7
Denzel Boston,CLE,WR,WR57,144,152.68,107,302,30.95,11,32.3
Daniel Jones,IND,QB,QB24,146,153.63,105,321,33.97,13,33.3
Houston Texans,HOU,DEF,DST1,155,153.74,143,176,6.11,8,97.5
Alvin Kamara,NO,RB,RB50,148,155.39,102,263,28.52,8,44.9
Brenton Strange,JAC,TE,TE17,149,157.55,112,226,24.79,7,42.9
Cam Ward,TEN,QB,QB25,150,158.04,119,270,27.06,9,21.7
Chig Okonkwo,WAS,TE,TE18,151,158.19,106,236,27.31,7,38.4
Jonah Coleman,DEN,RB,RB52,153,159.31,118,321,32.05,10,27.0
Isiah Pacheco,DET,RB,RB51,152,160.48,127,238,22.20,6,40.4
Jauan Jennings,MIN,WR,WR59,158,161.92,94,282,31.29,6,26.3
Denver Broncos,DEN,DEF,DST2,164,163.1,149,210,7.57,10,96.2
Hunter Henry,NE,TE,TE19,154,164.09,112,229,23.91,11,64.3
Jerry Jeudy,CLE,WR,WR60,159,165.37,128,268,26.80,11,27.7
Los Angeles Rams,LAR,DEF,DST3,168,167.27,148,186,7.34,11,86.9
Seattle Seahawks,SEA,DEF,DST4,169,167.5,151,194,5.23,11,96.4
Tank Bigsby,PHI,RB,RB53,156,168.78,127,228,22.47,10,26.8
Bryce Young,CAR,QB,QB26,157,169.21,134,328,29.56,5,23.3
Adonai Mitchell,NYJ,WR,WR61,161,170.66,129,287,26.79,13,14.9
Jalen McMillan,TB,WR,WR63,163,171.42,126,293,26.73,10,23.7
Dalton Schultz,HOU,TE,TE20,160,173.11,111,236,26.10,8,23.9
Tre Tucker,LV,WR,WR62,162,173.55,121,289,29.38,13,19.5
Brian Robinson Jr.,ATL,RB,RB54,165,174.34,130,234,19.23,11,33.6
Braelon Allen,NYJ,RB,RB55,166,174.47,118,275,31.70,13,18.9
Philadelphia Eagles,PHI,DEF,DST5,173,175.12,156,235,9.43,10,85.0
Travis Hunter,JAC,WR,WR66,171,178.15,100,272,34.50,7,65.8
Tre' Harris,LAC,WR,WR64,167,179.05,126,277,26.91,7,11.6
Omar Cooper Jr.,NYJ,WR,WR65,170,181.33,126,307,39.36,13,27.2
Ryan Flournoy,DAL,WR,WR68,177,184.16,137,331,28.90,14,11.0
New England Patriots,NE,DEF,DST7,185,185.38,160,225,8.33,11,82.6
Brandon Aubrey,DAL,K,K1,179,185.85,139,193,6.19,14,99.3
Minnesota Vikings,MIN,DEF,DST8,186,186.03,164,252,12.46,6,62.8
Pittsburgh Steelers,PIT,DEF,DST6,184,187.33,161,239,8.55,9,67.2
Jalen Nailor,LV,WR,WR67,176,187.74,126,305,39.17,13,26.7
Oronde Gadsden II,LAC,TE,TE21,172,189.57,97,259,41.74,7,39.6
Jacksonville Jaguars,JAC,DEF,DST9,188,190.41,161,280,17.02,7,68.5
Malik Washington,MIA,WR,WR69,178,190.68,116,313,38.58,6,15.0
T.J. Hockenson,MIN,TE,TE22,174,191.39,138,246,23.44,6,49.4
Ka'imi Fairbairn,HOU,K,K3,195,192.42,170,212,4.24,8,91.5
Jacoby Brissett,ARI,QB,QB27,175,192.43,129,340,40.58,14,16.4
Los Angeles Chargers,LAC,DEF,DST10,191,192.52,171,280,15.15,7,44.6
Cameron Dicker,LAC,K,K2,193,193.98,167,226,5.66,7,97.2
Pat Bryant,DEN,WR,WR71,183,194.01,137,298,33.50,10,8.6
Dontayvion Wicks,PHI,WR,WR70,180,195.45,133,262,32.29,10,9.9
Jaylin Noel,HOU,WR,WR72,187,196.28,137,346,34.40,8,7.1
Ray Davis,BUF,RB,RB57,182,196.31,142,294,34.30,7,12.3
MarShawn Lloyd,GB,RB,RB56,181,197.81,122,324,51.13,11,13.2
Sean Tucker,TB,RB,RB58,189,198.16,141,284,33.47,10,10.8
Cam Little,JAC,K,K4,197,198.56,168,253,9.27,7,90.2
Emmett Johnson,KC,RB,RB59,194,198.98,148,322,38.22,5,18.3
Kayshon Boutte,NE,WR,WR73,190,199.48,150,323,29.03,11,14.4
Baltimore Ravens,BAL,DEF,DST11,200,199.66,171,356,24.15,13,55.3
Jason Myers,SEA,K,K5,201,200.23,171,253,8.75,11,95.3
James Conner,ARI,RB,RB61,202,200.91,127,314,40.05,14,18.7
Kimani Vidal,LAC,RB,RB60,196,202.41,156,292,34.64,7,9.3
Mike Washington Jr.,LV,RB,RB62,203,203.34,143,313,39.11,13,19.4
Greg Dulcich,MIA,TE,TE29,242,203.43,131,300,42.02,6,14.8
Green Bay Packers,GB,DEF,DST13,215,203.54,184,280,21.66,11,29.6
Tank Dell,HOU,WR,WR74,198,205.24,133,285,30.53,8,21.3
AJ Barner,SEA,TE,TE23,192,207.4,144,254,23.17,11,22.0
Calvin Ridley,TEN,WR,WR75,199,207.59,133,312,34.44,9,14.3
Eddy Pineiro,SF,K,K7,210,208.4,175,250,10.09,8,62.3
Troy Franklin,DEN,WR,WR76,206,208.46,137,341,38.38,10,7.5
Tyler Loop,BAL,K,K6,207,209.11,181,257,12.42,13,53.7
Kansas City Chiefs,KC,DEF,DST12,211,211.07,151,280,20.98,5,22.0
Nicholas Singleton,TEN,RB,RB63,204,211.55,145,322,42.97,9,16.6
Isaac TeSlaa,DET,WR,WR77,209,212.13,163,302,27.03,6,13.5
Keenan Allen,IND,WR,WR80,221,215.11,90,298,62.46,13,16.3
Evan McPherson,CIN,K,K10,223,216.08,173,262,16.00,6,39.2
Cairo Santos,CHI,K,K8,219,216.6,193,282,13.40,10,27.5
Darnell Mooney,NYG,WR,WR79,214,217.57,154,299,25.81,8,10.3
Gunnar Helm,TEN,TE,TE24,205,218.45,138,290,28.65,9,11.5
Rashod Bateman,BAL,WR,WR78,212,220.32,165,296,28.42,13,7.1
Emanuel Wilson,SEA,RB,RB64,216,220.38,132,393,39.71,11,6.5
Jaydon Blue,DAL,RB,RB65,222,220.69,133,328,46.64,14,9.0
Jake Bates,DET,K,K9,220,221.36,191,255,14.67,6,65.5
Detroit Lions,DET,DEF,DST14,232,221.55,185,330,25.53,6,59.1
Aaron Rodgers,PIT,QB,QB28,213,221.74,139,343,43.48,9,13.8
Cleveland Browns,CLE,DEF,DST16,237,222.1,182,319,33.25,11,20.8
Kenyon Sadiq,NYJ,TE,TE25,208,222.56,158,375,32.65,13,55.3
Terrance Ferguson,LAR,TE,TE26,218,223.06,138,290,35.44,11,17.4
Andy Borregales,NE,K,K13,230,224.03,188,333,22.23,11,25.7
Harrison Mevis,LAR,K,K11,225,225.41,192,282,18.73,11,70.0
Caleb Douglas,MIA,WR,WR97,269,225.55,94,334,58.38,6,5.6
Chase McLaughlin,TB,K,K12,229,225.88,193,282,18.40,10,16.6
Buffalo Bills,BUF,DEF,DST15,233,226.59,185,343,24.38,7,30.1
Cooper Kupp,SEA,WR,WR81,226,226.68,149,298,29.35,11,13.6
Geno Smith,NYJ,QB,QB29,217,226.87,147,344,35.04,13,10.3
Cyrus Allen,KC,WR,WR102,281,226.95,132,438,65.71,5,9.2
Zachariah Branch,ATL,WR,WR82,227,227.02,150,313,35.87,11,17.3
Kaytron Allen,WAS,RB,RB66,224,229.36,146,326,37.06,7,12.7
Antonio Williams,WAS,WR,WR83,231,229.51,140,328,39.06,7,17.6
Jaylen Wright,MIA,RB,RB67,236,231.51,151,301,30.42,6,6.3
Germie Bernard,PIT,WR,WR84,235,234.23,170,331,34.74,9,13.3
Justice Hill,BAL,RB,RB69,240,236.69,141,329,39.24,13,7.7
Pat Freiermuth,PIT,TE,TE27,228,237.89,138,333,29.61,9,13.0
Chimere Dike,TEN,WR,WR86,241,238.56,154,331,37.52,9,6.6
Jack Bech,LV,WR,WR85,239,238.61,142,347,32.54,13,5.5
Chris Boswell,PIT,K,K14,244,240.14,192,282,19.18,9,33.1
Ollie Gordon II,MIA,RB,RB68,238,241.66,156,294,26.62,6,2.8
Cade Otton,TB,TE,TE28,234,241.68,168,309,22.40,10,15.3
Ted Hurst III,TB,WR,WR87,248,243.06,169,315,35.40,10,9.4
Harrison Butker,KC,K,K15,245,243.46,192,312,23.22,5,41.4
Demond Claiborne,MIN,RB,RB72,255,244.05,152,323,36.48,6,9.5
Malachi Fields,NYG,WR,WR90,253,245.92,168,355,35.70,8,9.8
Keon Coleman,BUF,WR,WR88,250,246.7,170,323,29.99,7,6.5
Ja'Kobi Lane,BAL,WR,WR93,258,247.22,154,339,46.14,13,19.1
George Holani,SEA,RB,RB70,247,248.37,160,337,40.82,11,5.5
Chris Bell,MIA,WR,WR91,254,248.71,150,368,33.85,6,12.5
Elic Ayomanor,TEN,WR,WR89,251,248.72,176,344,38.14,9,4.7
Dallas Cowboys,DAL,DEF,DST22,325,249.69,183,365,56.36,14,20.3
Drew Stevens,WAS,K,K33,450,251.5,250,253,1.50,7,0.1
David Njoku,LAC,TE,TE31,249,252.79,173,345,26.67,7,15.6
Isaiah Davis,NYJ,RB,RB71,252,254.38,171,327,31.01,13,2.6
Evan Engram,DEN,TE,TE30,243,254.98,181,306,26.67,10,8.3
Tory Horton,SEA,WR,WR92,257,255.23,196,341,26.96,11,6.7
Kaelon Black,SF,RB,RB76,267,255.46,153,337,45.05,8,8.7
Will Reichard,MIN,K,K17,275,256.62,192,333,34.25,6,35.9
Christian Kirk,SF,WR,WR95,261,257.05,166,334,32.86,8,6.7
San Francisco 49ers,SF,DEF,DST17,284,257.79,194,345,27.29,8,18.0
Ty Johnson,BUF,RB,RB73,262,258.24,160,384,33.24,7,2.1
Fernando Mendoza,LV,QB,QB30,246,258.89,175,368,37.84,13,25.9
Chicago Bears,CHI,DEF,DST21,318,259.38,171,355,50.58,10,13.3
Devaughn Vele,NO,WR,WR94,260,259.56,166,344,34.90,8,6.5
Elijah Sarratt,BAL,WR,WR96,266,259.78,197,350,28.71,13,8.4
Trey Benson,ARI,RB,RB79,276,260.63,148,349,37.39,14,6.1
Tennessee Titans,TEN,DEF,DST27,387,260.78,188,355,63.85,9,8.9
Blake Grupe,IND,K,K24,396,261.14,205,353,54.69,13,1.3
Tampa Bay Buccaneers,TB,DEF,DST25,364,261.87,186,364,54.29,10,15.1
Brandon Aiyuk,SF,WR,WR105,302,262.82,136,378,48.17,8,12.5
Xavier Legette,CAR,WR,WR98,272,262.96,195,367,34.31,5,2.6
Jordan James,SF,RB,RB75,265,263.07,177,400,35.49,8,6.6
Cincinnati Bengals,CIN,DEF,DST26,368,263.46,190,356,58.67,6,3.0
Colby Parkinson,LAR,TE,TE32,256,264.28,209,352,21.78,11,11.5
Marvin Mims Jr.,DEN,WR,WR101,277,264.85,210,371,28.01,10,6.5
LeQuint Allen Jr.,JAC,RB,RB74,264,264.85,157,327,30.01,7,2.9
Tyquan Thornton,KC,WR,WR99,273,265.59,166,346,33.01,5,3.6
Wil Lutz,DEN,K,K16,263,266.44,182,333,30.49,10,8.1
New Orleans Saints,NO,DEF,DST19,291,266.44,172,356,39.02,8,18.2
DJ Giddens,IND,RB,RB80,278,267.05,182,327,26.29,13,1.7
Chris Brooks,GB,RB,RB77,268,267.22,189,320,30.19,11,2.8
Samaje Perine,CIN,RB,RB78,270,267.34,157,413,42.72,6,4.1
Darius Slayton,NYG,WR,WR100,274,267.55,205,374,29.83,8,2.8
Isaiah Williams,NYJ,WR,WR148,434,268.0,247,293,18.99,13,0.6
Tua Tagovailoa,ATL,QB,QB31,259,269.56,139,346,33.30,11,13.1
Najee Harris,NYG,RB,RB83,289,270.15,160,343,42.96,8,7.1
Atlanta Falcons,ATL,DEF,DST18,290,270.23,167,356,41.20,11,10.1
New York Giants,NYG,DEF,DST24,355,270.26,183,386,61.34,8,17.9
Mason Taylor,NYJ,TE,TE33,271,271.22,196,353,30.36,13,6.3
Devin Neal,NO,RB,RB81,286,272.64,169,370,40.27,8,3.8
Darren Waller,CAR,TE,TE40,322,272.95,196,361,41.15,5,5.4
Trey Smack,GB,K,K22,389,273.44,212,372,53.00,11,5.4
Khalil Herbert,FA,RB,RB120,438,273.67,246,309,26.28,,1.2
Tyreek Hill,FA,WR,WR110,314,274.12,163,350,42.03,,16.4
Mike Gesicki,CIN,TE,TE37,303,275.69,229,351,23.84,6,6.2
Brashard Smith,KC,RB,RB84,293,277.59,156,338,26.38,5,2.9
Andrei Iosivas,CIN,WR,WR109,308,277.74,176,351,34.65,6,2.8
Indianapolis Colts,IND,DEF,DST20,310,277.88,170,356,43.87,13,15.9
Kyle Williams,NE,WR,WR103,297,278.5,210,375,32.90,11,3.4
Mack Hollins,NE,WR,WR106,304,278.61,205,380,34.11,11,2.5
Nick Folk,ATL,K,K23,391,278.78,210,365,46.39,11,3.4
Eli Stowers,PHI,TE,TE34,279,278.84,207,372,34.74,10,13.6
Kaleb Johnson,PIT,RB,RB85,294,279.01,164,360,32.51,9,4.4
Theo Johnson,NYG,TE,TE35,280,279.07,196,357,29.37,8,6.0
Malik Davis,DAL,RB,RB82,287,279.61,184,358,27.70,14,1.8
Las Vegas Raiders,LV,DEF,DST29,417,280.8,151,360,72.05,13,7.1
Ty Chandler,NO,RB,RB121,442,281.0,248,312,26.17,8,1.3
Jake Moody,FA,K,K31,428,282.0,249,347,39.81,,1.5
Carolina Panthers,CAR,DEF,DST23,349,282.18,171,366,57.10,5,3.7
Charlie Smyth,NO,K,K18,311,282.72,201,363,40.23,8,2.7
Jahan Dotson,ATL,WR,WR111,323,282.74,149,384,55.10,11,2.5
Seth McGowan,IND,RB,RB89,299,285.73,189,337,31.78,13,2.3
Roman Hemby,LV,RB,RB132,465,286.0,279,293,7.00,13,0.0
Adam Randall,BAL,RB,RB87,296,287.56,189,338,30.87,13,3.2
Jake Tonges,SF,TE,TE38,313,288.39,236,345,27.15,8,8.1
Hollywood Brown,PHI,WR,WR104,300,288.43,232,375,23.47,10,2.9
Jalen Tolbert,MIA,WR,WR112,326,288.47,151,389,55.06,6,2.9
Tyler Bass,BUF,K,K20,357,288.9,193,409,52.01,7,8.1
Skyler Bell,BUF,WR,WR108,307,289.94,223,384,31.38,7,6.9
Michael Penix Jr.,ATL,QB,QB32,282,289.98,179,347,27.75,11,7.2
Jake Elliott,PHI,K,K19,351,290.22,205,382,46.88,10,8.7
Kirk Cousins,LV,QB,QB33,285,290.53,179,349,29.97,13,7.3
Kendre Miller,NO,RB,RB90,301,290.61,175,394,36.35,8,3.4
Emari Demercado,KC,RB,RB88,298,291.74,182,380,27.03,5,1.8
Brandon McManus,FA,K,K29,422,291.8,197,394,75.17,,0.7
Chris Brazzell II,CAR,WR,WR121,341,292.0,233,367,35.59,5,5.5
Isaiah Bond,CLE,WR,WR107,305,292.12,220,397,31.14,11,1.5
Deshaun Watson,CLE,QB,QB34,288,293.1,242,348,25.07,11,9.5
Devin Singletary,NYG,RB,RB86,295,293.51,225,365,21.56,8,0.9
Daniel Carlson,LV,K,K25,412,293.67,213,404,62.07,13,0.7
Kyle Juszczyk,SF,RB,RB109,395,295.22,197,364,63.75,8,0.9
Spencer Shrader,IND,K,K32,447,295.33,258,346,37.14,13,1.2
Jerome Ford,WAS,RB,RB92,309,295.58,219,330,24.46,7,1.9
DeMario Douglas,NE,WR,WR113,327,296.61,176,423,52.15,11,3.2
Zane Gonzalez,FA,K,K21,369,296.63,203,407,60.81,,2.0
Darnell Washington,PIT,TE,TE39,321,297.9,225,396,30.61,9,7.3
Xavier Smith,LAR,WR,WR152,448,299.0,234,386,63.97,11,0.6
Shedeur Sanders,CLE,QB,QB35,292,299.01,214,350,27.16,11,8.9
Washington Commanders,WAS,DEF,DST30,424,300.2,191,402,85.67,7,7.1
Oscar Delp,NO,TE,TE36,283,300.48,210,373,35.56,8,3.2
Jeremy McNichols,WAS,RB,RB115,425,300.6,237,389,56.66,7,0.6
Konata Mumpfield,LAR,WR,WR115,334,300.76,247,378,30.45,11,0.7
Jaleel McLaughlin,DEN,RB,RB96,317,300.79,222,358,29.69,10,0.6
Tahj Brooks,CIN,RB,RB94,315,301.32,231,354,23.05,6,0.9
Bam Knight,ARI,RB,RB102,353,301.44,201,394,42.19,14,0.7
Isaac Guerendo,SF,RB,RB93,312,301.52,228,381,28.00,8,1.7
Trevor Etienne,CAR,RB,RB91,306,301.66,219,343,21.04,5,1.0
Bryce Lance,NO,WR,WR114,332,301.77,209,387,44.90,8,2.2
Xavier Hutchinson,HOU,WR,WR123,354,302.16,178,384,60.08,8,1.0
Eli Heidenreich,PIT,RB,RB101,348,302.31,248,372,34.20,9,1.3
Michael Mayer,LV,TE,TE41,324,302.58,249,373,33.22,13,6.5
Charlie Kolar,LAC,TE,TE50,359,304.48,226,377,42.42,7,1.4
Audric Estime,NO,RB,RB97,319,304.91,250,369,25.28,8,2.4
Joe Mixon,FA,RB,RB99,330,305.5,153,365,34.21,,5.7
Chad Ryland,ARI,K,K27,418,305.83,197,393,75.65,14,1.2
Ryan Fitzgerald,CAR,K,K28,419,306.0,213,408,70.88,5,1.2
Jalen Reagor,MIA,WR,WR164,477,306.0,289,323,17.00,6,0.0
Kendrick Bourne,ARI,WR,WR126,362,307.27,190,446,58.00,14,2.1
Jarquez Hunter,LAR,RB,RB95,316,307.84,263,379,19.62,11,2.0
Cash Jones,ATL,RB,RB125,451,308.0,267,343,31.32,11,0.0
Hunter Luepke,DAL,RB,RB118,435,308.25,264,389,47.84,14,0.7
Roman Wilson,PIT,WR,WR138,386,308.46,237,385,50.26,9,1.0
Barion Brown,NO,WR,WR149,437,309.0,269,350,28.75,8,1.7
Joshua Palmer,BUF,WR,WR125,358,310.12,223,370,37.73,7,0.8
Raheim Sanders,CLE,RB,RB104,370,310.17,248,383,33.05,11,0.6
Olamide Zaccheaus,ATL,WR,WR119,339,310.23,247,368,29.01,11,1.7
KaVontae Turpin,DAL,WR,WR132,377,310.67,208,433,57.76,14,2.9
Elijah Arroyo,SEA,TE,TE42,329,310.76,203,369,30.94,11,3.1
Tez Johnson,TB,WR,WR116,335,311.03,225,371,30.45,10,1.2
Brandin Cooks,FA,WR,WR165,482,312.5,282,343,30.50,,1.1
Calvin Austin III,NYG,WR,WR120,340,312.77,252,410,39.40,8,1.5
Jalen Royals,KC,WR,WR118,337,313.24,259,373,29.06,5,0.9
Will Shipley,PHI,RB,RB98,320,313.48,240,363,24.75,10,0.9
Jaret Patterson,LAC,RB,RB137,483,313.5,289,338,24.50,7,1.1
Cedric Tillman,CLE,WR,WR117,336,313.89,254,391,35.08,11,0.6
Ashton Dulin,IND,WR,WR141,398,314.4,287,367,22.95,13,0.7
Brenen Thompson,LAC,WR,WR124,356,314.48,258,385,36.80,7,2.9
Kalif Raymond,CHI,WR,WR130,374,314.82,230,379,42.68,10,0.6
Phil Mafah,DAL,RB,RB106,380,315.07,232,399,36.47,14,0.6
Noah Whittington,HOU,RB,RB129,458,315.33,265,384,50.28,8,0.0
Kareem Hunt,FA,RB,RB100,331,316.46,242,421,28.92,,0.9
Joey Slye,TEN,K,K26,415,317.14,212,403,63.91,9,1.1
Nick Westbrook-Ikhine,IND,WR,WR134,381,318.2,199,413,56.43,13,0.7
Tyler Goodson,ATL,RB,RB122,443,318.75,263,354,33.77,11,1.2
Will Kacmarek,MIA,TE,TE71,485,319.0,318,320,1.00,6,2.7
Erick All Jr.,CIN,TE,TE44,342,319.6,261,410,33.98,6,0.7
Devontez Walker,BAL,WR,WR140,394,319.91,267,451,52.28,13,0.7
Carson Beck,ARI,QB,QB37,333,320.1,284,372,21.09,14,7.3
New York Jets,NYJ,DEF,DST31,430,320.2,191,431,81.00,13,4.9
Cedrick Wilson Jr.,DET,WR,WR168,488,320.5,287,354,33.50,6,0.6
Reggie Virgil,ARI,WR,WR167,487,320.5,267,374,53.50,14,0.7
Luke McCaffrey,WAS,WR,WR122,343,320.86,270,403,33.57,7,0.9
Zavier Scott,MIN,RB,RB117,432,321.0,254,378,40.13,6,0.6
Tyler Higbee,LAR,TE,TE43,338,321.55,259,376,25.89,11,1.7
Malik Benson,LV,WR,WR128,372,321.95,232,435,61.68,13,1.3
Kevin Coleman Jr.,MIA,WR,WR129,373,322.11,237,420,43.72,6,1.1
Scotty Miller,CHI,WR,WR169,489,322.5,262,383,60.50,10,0.1
Sione Vaki,DET,RB,RB113,406,322.78,275,381,29.43,6,0.6
Tutu Atwell,MIA,WR,WR133,378,322.94,227,424,51.27,6,0.8
J.J. McCarthy,MIN,QB,QB36,328,323.0,276,360,16.94,6,5.9
Jawhar Jordan,HOU,RB,RB105,371,323.35,226,408,43.64,8,0.6
Eli Raridon,NE,TE,TE47,347,323.66,256,412,34.12,11,3.6
Dylan Laube,LV,RB,RB124,445,324.0,261,387,45.63,13,0.8
Cole Kmet,CHI,TE,TE45,344,324.06,274,381,23.70,10,4.1
John Metchie III,CAR,WR,WR135,382,324.44,277,416,42.54,5,1.3
Treylon Burks,WAS,WR,WR127,365,324.54,225,409,47.00,7,1.7
Jam Miller,NE,RB,RB111,401,325.0,263,377,40.98,11,1.3
Rasheen Ali,BAL,RB,RB114,413,325.5,294,383,25.69,13,0.6
John Bates,WAS,TE,TE57,408,326.22,274,432,45.48,7,0.7
Miami Dolphins,MIA,DEF,DST28,409,326.22,187,392,55.43,6,6.6
Noah Gray,KC,TE,TE48,350,327.82,281,369,24.40,5,2.2
Mitch Tinsley,CIN,WR,WR156,463,328.0,286,370,34.29,6,0.6
Michael Carter,TEN,RB,RB103,367,328.26,217,415,38.71,9,0.6
Dont'e Thornton Jr.,LV,WR,WR136,384,328.44,277,384,33.15,13,0.9
J'Mari Taylor,JAC,RB,RB108,392,328.46,283,378,26.25,7,2.3
Ben Sauls,NYG,K,K30,426,328.83,259,453,66.90,8,0.8
Max Klare,LAR,TE,TE46,346,329.72,281,380,25.49,11,8.1
Robert Henry Jr.,WAS,RB,RB119,436,330.0,253,398,57.55,7,0.0
Nick Chubb,FA,RB,RB107,383,331.12,275,401,29.38,,0.8
Ja'Tavion Sanders,CAR,TE,TE51,360,331.17,268,399,29.02,5,2.2
Dawson Knox,BUF,TE,TE49,352,331.41,274,415,32.25,7,4.2
Jordan Watkins,SF,WR,WR172,495,333.0,332,334,1.00,8,1.0
Demarcus Robinson,SF,WR,WR143,407,333.3,267,414,49.55,8,0.8
Donovan Edwards,MIA,RB,RB133,467,333.33,275,381,43.93,6,1.0
Odell Beckham Jr.,NYG,WR,WR150,441,333.8,286,362,29.32,8,3.9
Jahdae Walker,CHI,WR,WR157,469,334.0,302,350,22.63,10,0.9
Mac Jones,SF,QB,QB38,345,334.55,287,443,26.11,8,4.1
CJ Daniels,LAR,WR,WR142,399,334.75,269,418,40.55,11,1.3
Zavion Thomas,CHI,WR,WR137,385,335.12,272,441,44.18,10,3.7
Reggie Gilliam,NE,RB,RB126,452,335.25,283,393,41.85,11,0.1
Tommy Myers,FA,TE,TE61,429,335.33,254,426,55.92,,0.0
Frank Gore Jr.,BUF,RB,RB127,453,335.75,281,370,34.54,7,0.6
Elijah Moore,PHI,WR,WR159,471,336.0,300,396,42.71,10,0.6
Xavier Restrepo,TEN,WR,WR153,454,336.0,288,391,36.63,9,1.1
Justin Joly,DEN,TE,TE52,363,336.33,261,386,31.56,10,5.0
Theo Wease Jr.,MIA,WR,WR160,472,338.0,255,419,66.97,6,1.1
Michael Woods II,DEN,WR,WR173,498,338.0,280,396,58.00,10,1.0
Greg Dortch,DET,WR,WR146,427,338.14,265,387,40.81,6,0.6
Savion Williams,GB,WR,WR131,376,338.76,292,444,34.36,11,0.8
Jaydn Ott,KC,RB,RB138,499,339.0,288,390,51.00,5,1.0
Van Jefferson,WAS,WR,WR163,475,340.0,303,370,27.80,7,0.8
Colbie Young,CIN,WR,WR145,423,340.25,291,379,30.13,6,0.9
Jeremy Ruckert,NYJ,TE,TE76,500,341.0,300,382,41.00,13,0.6
Ronnie Rivers,LAR,RB,RB130,459,341.25,279,368,36.13,11,0.6
Justin Fields,KC,QB,QB39,361,342.29,293,389,23.38,5,3.9
Roschon Johnson,CHI,RB,RB112,405,342.58,276,390,33.55,10,0.6
Anthony Richardson Sr.,IND,QB,QB41,375,343.17,291,386,22.93,13,6.0
Noah Fant,NO,TE,TE53,379,344.1,290,372,21.97,8,1.3
Joe Flacco,CIN,QB,QB42,388,344.63,296,398,27.73,6,2.2
Ty Simpson,LAR,QB,QB40,366,345.58,294,386,23.29,11,8.4
Marlin Klein,HOU,TE,TE66,461,345.75,334,360,11.05,8,0.6
Travis Homer,PIT,RB,RB139,502,346.5,327,366,19.50,9,1.0
Jaylin Lane,WAS,WR,WR139,390,346.78,298,411,32.29,7,0.9
Dameon Pierce,PHI,RB,RB116,431,347.57,311,381,24.78,10,0.8
Tommy Tremble,CAR,TE,TE54,397,348.53,298,402,28.16,5,0.6
David Sills V,TB,WR,WR174,503,349.0,329,369,20.00,10,0.0
Austin Ekeler,FA,RB,RB110,400,349.07,296,391,29.12,,0.6
Myles Montgomery,FA,RB,RB140,504,349.5,295,404,54.50,,0.0
Jameis Winston,NYG,QB,QB43,393,349.65,321,398,21.99,8,2.6
Jordan Whittington,LAR,WR,WR144,411,350.09,298,442,40.46,11,0.6
Miles Davis,CAR,RB,RB131,464,350.5,284,394,43.19,5,0.0
Tai Felton,MIN,WR,WR151,446,350.6,298,456,55.82,6,0.6
Juice Wells Jr.,ATL,WR,WR161,473,351.0,256,458,82.90,11,1.1
Terrell Jennings,FA,RB,RB123,444,351.67,314,406,31.40,,0.6
Quinn Ewers,MIA,QB,QB48,466,351.75,343,367,9.15,6,1.7
Marcus Mariota,WAS,QB,QB44,404,351.86,297,398,28.65,7,2.4
Jonnu Smith,FA,TE,TE63,449,352.2,276,429,52.84,,1.6
Tyler Lockett,LV,WR,WR166,486,352.33,314,412,42.76,13,0.6
Cade Klubnik,NYJ,QB,QB46,420,352.4,319,398,27.42,13,4.6
Miles Sanders,FA,RB,RB135,478,352.67,286,445,67.40,,1.0
Austin Hooper,ATL,TE,TE60,421,353.5,314,390,21.67,11,0.9
Joe Milton III,DAL,QB,QB45,416,354.0,319,388,20.42,14,1.4
Jacob Cowing,SF,WR,WR155,462,354.0,259,449,68.37,8,1.0
Tanner Koziol,JAC,TE,TE65,456,354.0,290,390,34.42,7,1.4
Tim Patrick,NYJ,WR,WR158,470,355.5,318,397,32.21,13,1.0
Luke Musgrave,GB,TE,TE56,403,356.13,293,386,22.70,11,2.3
Riley Leonard,IND,QB,QB47,440,356.29,324,382,21.43,13,1.6
Gardner Minshew II,ARI,QB,QB49,490,356.33,335,371,15.43,14,0.8
Ben Sinnott,WAS,TE,TE59,414,356.58,331,385,17.26,7,0.8
Jimmy Horn Jr.,CAR,WR,WR170,492,356.67,347,376,13.67,5,0.8
Daniel Bellinger,TEN,TE,TE58,410,357.23,313,401,26.49,9,1.5
Matt Hibner,BAL,TE,TE73,494,358.0,351,366,6.16,13,1.2
Arizona Cardinals,ARI,DEF,DST32,508,358.0,354,362,4.00,14,3.4
Mason Rudolph,PIT,QB,QB51,507,358.0,330,386,28.00,9,0.7
Mitchell Evans,CAR,TE,TE55,402,359.56,297,395,24.58,5,0.6
Mo Alie-Cox,IND,TE,TE79,509,360.0,358,362,2.00,13,0.6
Elijah Mitchell,FA,RB,RB136,480,360.67,287,459,72.35,,1.2
Josh Oliver,MIN,TE,TE67,476,361.0,359,363,1.41,6,0.6
Sam Roush,CHI,TE,TE75,497,364.0,335,382,20.70,10,0.7
Deion Burks,IND,WR,WR147,433,365.0,319,454,40.80,13,1.1
Damien Martinez,GB,RB,RB128,457,365.5,335,411,25.82,11,1.3
Zach Ertz,FA,TE,TE64,455,365.67,320,425,34.38,,0.9
DeAndre Hopkins,BAL,WR,WR162,474,365.75,307,450,56.56,13,0.6
Jalen Milroe,SEA,QB,QB50,501,367.67,357,388,14.38,11,2.3
Antonio Gibson,FA,RB,RB134,468,370.4,326,434,40.48,,1.3
Taysom Hill,FA,TE,TE74,496,370.67,309,440,53.75,,0.7
Elijah Higgins,ARI,TE,TE62,439,370.89,353,428,23.02,14,0.8
Nate Boerkircher,JAC,TE,TE72,491,371.5,361,392,12.46,7,0.9
Jackson Hawes,BUF,TE,TE68,479,373.0,356,390,11.52,7,0.6
Adam Trautman,DEN,TE,TE69,481,374.8,353,414,22.27,10,0.6
Marquez Valdes-Scantling,DAL,WR,WR171,493,375.0,318,430,39.67,14,0.7
Tyrod Taylor,GB,QB,QB53,514,375.0,328,422,47.00,11,0.8
Josh Cameron,JAC,WR,WR176,515,375.5,362,389,13.50,7,0.7
Tyler Conklin,DET,TE,TE77,505,376.67,363,387,10.08,6,0.6
Drew Sample,CIN,TE,TE78,506,376.67,364,384,8.99,6,0.6
Luke Schoonmaker,DAL,TE,TE70,484,377.6,362,392,12.66,14,0.9
Kendrick Law,DET,WR,WR177,516,378.5,369,388,9.50,6,1.5
Jason Sanders,NYJ,K,K34,510,381.0,365,405,17.28,13,1.0
Trey Lance,LAC,QB,QB52,511,382.0,376,390,5.89,7,0.6
Dean Connors,LAR,RB,RB141,517,382.0,381,383,1.00,11,1.0
JuJu Smith-Schuster,FA,WR,WR178,518,383.5,373,394,10.50,,1.1
Dyami Brown,WAS,WR,WR154,460,383.88,346,455,31.76,7,0.7
Lil'Jordan Humphrey,DEN,WR,WR179,519,389.0,371,407,18.00,10,1.2
Jermaine Burton,FA,WR,WR175,512,390.5,324,457,66.50,,1.1
Michael Trigg,DAL,TE,TE80,513,394.0,366,439,32.14,14,5.2
