player_id,player_name,red_zone_touches,goal_line_touches,total_touches,red_zone_share,goal_line_share
00-0034844,S.Barkley,90.0,27.0,497.0,0.18108651911468812,0.05432595573440644
00-0037840,K.Williams,85.0,24.0,396.0,0.21464646464646464,0.06060606060606061
00-0033897,J.Mixon,74.0,18.0,347.0,0.2132564841498559,0.05187319884726225
00-0039139,J.Gibbs,74.0,19.0,338.0,0.21893491124260356,0.05621301775147929
00-0037248,J.Cook,69.0,20.0,304.0,0.22697368421052633,0.06578947368421052
00-0038542,B.Robinson,68.0,18.0,377.0,0.18037135278514588,0.04774535809018567
00-0035700,J.Jacobs,67.0,26.0,367.0,0.18256130790190736,0.07084468664850137
00-0032764,D.Henry,67.0,23.0,391.0,0.17135549872122763,0.058823529411764705
00-0036223,J.Taylor,63.0,20.0,336.0,0.1875,0.05952380952380952
00-0033293,A.Jones,62.0,16.0,336.0,0.18452380952380953,0.047619047619047616
00-0038597,C.Brown,60.0,17.0,295.0,0.2033898305084746,0.0576271186440678
00-0036389,J.Hurts,60.0,26.0,187.0,0.32085561497326204,0.13903743315508021
00-0033553,J.Conner,59.0,16.0,294.0,0.20068027210884354,0.05442176870748299
00-0036555,C.Hubbard,57.0,22.0,305.0,0.18688524590163935,0.07213114754098361
00-0033923,K.Hunt,57.0,20.0,263.0,0.21673003802281368,0.07604562737642585
00-0037746,B.Robinson,55.0,20.0,253.0,0.21739130434782608,0.07905138339920949
00-0035685,D.Montgomery,55.0,19.0,231.0,0.23809523809523808,0.08225108225108226
00-0036893,N.Harris,55.0,12.0,320.0,0.171875,0.0375
00-0036875,R.Stevenson,54.0,15.0,250.0,0.216,0.06
00-0039040,D.Achane,52.0,18.0,290.0,0.1793103448275862,0.06206896551724138
00-0039361,B.Irving,52.0,16.0,279.0,0.1863799283154122,0.05734767025089606
00-0039910,J.Daniels,51.0,13.0,184.0,0.27717391304347827,0.07065217391304347
00-0034857,J.Allen,41.0,15.0,131.0,0.31297709923664124,0.11450381679389313
00-0033906,A.Kamara,41.0,11.0,317.0,0.12933753943217666,0.03470031545741325
00-0035261,T.Pollard,37.0,6.0,318.0,0.11635220125786164,0.018867924528301886
00-0036158,J.Dobbins,37.0,9.0,243.0,0.1522633744855967,0.037037037037037035
00-0037525,J.Mason,37.0,9.0,167.0,0.2215568862275449,0.05389221556886228
00-0036900,J.Chase,36.0,13.0,178.0,0.20224719101123595,0.07303370786516854
00-0038555,T.Bigsby,35.0,11.0,180.0,0.19444444444444445,0.06111111111111111
00-0038120,B.Hall,35.0,12.0,288.0,0.12152777777777778,0.041666666666666664
00-0036963,A.St. Brown,33.0,8.0,153.0,0.21568627450980393,0.05228758169934641
00-0038134,K.Walker,33.0,12.0,206.0,0.16019417475728157,0.05825242718446602
00-0036139,R.Dowdle,33.0,8.0,285.0,0.11578947368421053,0.028070175438596492
00-0039894,X.Worthy,33.0,4.0,143.0,0.23076923076923078,0.027972027972027972
00-0037256,R.White,32.0,10.0,204.0,0.1568627450980392,0.049019607843137254
00-0036997,J.Williams,32.0,10.0,218.0,0.14678899082568808,0.045871559633027525
00-0036275,D.Swift,32.0,11.0,306.0,0.10457516339869281,0.03594771241830065
00-0030506,T.Kelce,31.0,7.0,154.0,0.2012987012987013,0.045454545454545456
00-0033699,A.Ekeler,29.0,6.0,156.0,0.1858974358974359,0.038461538461538464
00-0036919,K.Gainwell,28.0,3.0,113.0,0.24778761061946902,0.02654867256637168
00-0039384,T.Tracy,28.0,7.0,246.0,0.11382113821138211,0.028455284552845527
00-0031381,D.Adams,27.0,11.0,142.0,0.19014084507042253,0.07746478873239436
00-0036973,T.Etienne,27.0,5.0,202.0,0.13366336633663367,0.024752475247524754
00-0030061,Z.Ertz,27.0,13.0,118.0,0.2288135593220339,0.11016949152542373
00-0037263,T.Allgeier,27.0,7.0,151.0,0.17880794701986755,0.046357615894039736
00-0036322,J.Jefferson,27.0,5.0,164.0,0.16463414634146342,0.03048780487804878
00-0037238,D.London,27.0,6.0,160.0,0.16875,0.0375
00-0034972,A.Mattison,27.0,13.0,182.0,0.14835164835164835,0.07142857142857142
00-0036410,T.Higgins,25.0,11.0,110.0,0.22727272727272727,0.1
00-0039165,Z.Charbonnet,25.0,13.0,187.0,0.13368983957219252,0.06951871657754011
00-0037740,G.Wilson,25.0,5.0,157.0,0.1592356687898089,0.03184713375796178
00-0035719,D.Samuel,24.0,4.0,123.0,0.1951219512195122,0.032520325203252036
00-0037228,J.Warren,24.0,4.0,174.0,0.13793103448275862,0.022988505747126436
00-0034348,C.Sutton,23.0,1.0,144.0,0.1597222222222222,0.006944444444444444
00-0034827,D.Moore,23.0,3.0,156.0,0.14743589743589744,0.019230769230769232
00-0037744,T.McBride,23.0,9.0,148.0,0.1554054054054054,0.060810810810810814
00-0034796,L.Jackson,22.0,2.0,161.0,0.13664596273291926,0.012422360248447204
00-0039875,R.Davis,22.0,6.0,139.0,0.15827338129496402,0.04316546762589928
00-0036358,C.Lamb,21.0,3.0,168.0,0.125,0.017857142857142856
00-0033288,G.Kittle,21.0,6.0,94.0,0.22340425531914893,0.06382978723404255
00-0039075,P.Nacua,21.0,3.0,142.0,0.14788732394366197,0.02112676056338028
00-0035659,T.McLaurin,21.0,7.0,143.0,0.14685314685314685,0.04895104895104895
00-0034184,G.Edwards,21.0,7.0,114.0,0.18421052631578946,0.06140350877192982
00-0039065,S.LaPorta,21.0,4.0,90.0,0.23333333333333334,0.044444444444444446
00-0039164,A.Richardson,21.0,11.0,88.0,0.23863636363636365,0.125
00-0033040,T.Hill,20.0,5.0,132.0,0.15151515151515152,0.03787878787878788
00-0039732,B.Nix,20.0,7.0,97.0,0.20618556701030927,0.07216494845360824
00-0038994,J.Addison,20.0,5.0,111.0,0.18018018018018017,0.04504504504504504
00-0038794,J.McLaughlin,19.0,4.0,143.0,0.13286713286713286,0.027972027972027972
00-0036251,Z.Moss,19.0,9.0,101.0,0.18811881188118812,0.0891089108910891
00-0032104,A.Abdullah,19.0,6.0,113.0,0.168141592920354,0.05309734513274336
00-0033858,J.Smith,19.0,5.0,113.0,0.168141592920354,0.04424778761061947
00-0034791,N.Chubb,19.0,7.0,113.0,0.168141592920354,0.061946902654867256
00-0034753,M.Andrews,19.0,3.0,88.0,0.2159090909090909,0.03409090909090909
00-0038996,T.Kraft,18.0,3.0,81.0,0.2222222222222222,0.037037037037037035
00-0039337,M.Nabers,18.0,9.0,177.0,0.1016949152542373,0.05084745762711865
00-0035537,Ty.Johnson,18.0,3.0,90.0,0.2,0.03333333333333333
00-0033090,H.Henry,18.0,3.0,97.0,0.18556701030927836,0.030927835051546393
00-0031687,R.Mostert,18.0,5.0,109.0,0.1651376146788991,0.045871559633027525
00-0039893,B.Thomas,18.0,8.0,141.0,0.1276595744680851,0.05673758865248227
00-0038117,W.Robinson,18.0,2.0,143.0,0.1258741258741259,0.013986013986013986
00-0036945,J.Fields,17.0,7.0,62.0,0.27419354838709675,0.11290322580645161
00-0036328,A.Gibson,17.0,3.0,149.0,0.11409395973154363,0.020134228187919462
00-0038797,Em.Wilson,17.0,5.0,123.0,0.13821138211382114,0.04065040650406504
00-0033955,J.McNichols,17.0,4.0,73.0,0.2328767123287671,0.0547945205479452
00-0036414,C.Akers,17.0,5.0,127.0,0.13385826771653545,0.03937007874015748
00-0030279,K.Allen,17.0,5.0,123.0,0.13821138211382114,0.04065040650406504
00-0036407,J.Jeudy,17.0,4.0,148.0,0.11486486486486487,0.02702702702702703
00-0036984,T.Sermon,17.0,7.0,75.0,0.22666666666666666,0.09333333333333334
00-0039919,R.Odunze,17.0,3.0,104.0,0.16346153846153846,0.028846153846153848
00-0033045,E.Elliott,16.0,5.0,89.0,0.1797752808988764,0.056179775280898875
00-0039338,B.Bowers,16.0,5.0,158.0,0.10126582278481013,0.03164556962025317
00-0033885,D.Njoku,16.0,7.0,99.0,0.16161616161616163,0.0707070707070707
00-0037247,G.Pickens,16.0,5.0,110.0,0.14545454545454545,0.045454545454545456
00-0033873,P.Mahomes,16.0,2.0,81.0,0.19753086419753085,0.024691358024691357
00-0038543,J.Smith-Njigba,16.0,6.0,143.0,0.11188811188811189,0.04195804195804196
00-0031408,M.Evans,16.0,8.0,117.0,0.13675213675213677,0.06837606837606838
00-0034960,J.Meyers,16.0,4.0,132.0,0.12121212121212122,0.030303030303030304
00-0034975,J.Hill,16.0,2.0,116.0,0.13793103448275862,0.017241379310344827
00-0038129,C.Otton,16.0,6.0,90.0,0.17777777777777778,0.06666666666666667
00-0039021,R.Johnson,16.0,9.0,75.0,0.21333333333333335,0.12
00-0036259,J.Jennings,15.0,4.0,113.0,0.13274336283185842,0.035398230088495575
00-0036554,N.Collins,15.0,7.0,115.0,0.13043478260869565,0.06086956521739131
00-0036613,J.Waddle,15.0,3.0,89.0,0.16853932584269662,0.033707865168539325
00-0039146,J.Reed,15.0,4.0,100.0,0.15,0.04
00-0037834,B.Purdy,15.0,6.0,66.0,0.22727272727272727,0.09090909090909091
00-0035710,D.Jones,15.0,7.0,68.0,0.22058823529411764,0.10294117647058823
00-0032775,D.Robinson,15.0,9.0,75.0,0.2,0.12
00-0039032,T.Spears,15.0,4.0,119.0,0.12605042016806722,0.03361344537815126
00-0035228,K.Murray,15.0,3.0,80.0,0.1875,0.0375
00-0037197,I.Pacheco,15.0,5.0,117.0,0.1282051282051282,0.042735042735042736
00-0036912,D.Smith,15.0,3.0,108.0,0.1388888888888889,0.027777777777777776
00-0036894,P.Freiermuth,14.0,1.0,82.0,0.17073170731707318,0.012195121951219513
00-0035676,A.Brown,14.0,3.0,120.0,0.11666666666666667,0.025
00-0030564,D.Hopkins,14.0,7.0,89.0,0.15730337078651685,0.07865168539325842
00-0039363,I.Guerendo,14.0,5.0,100.0,0.14,0.05
00-0033925,D.Foreman,14.0,6.0,79.0,0.17721518987341772,0.0759493670886076
00-0039849,M.Harrison,14.0,2.0,116.0,0.1206896551724138,0.017241379310344827
00-0035973,P.Taylor,14.0,4.0,51.0,0.27450980392156865,0.0784313725490196
00-0037838,I.Likely,14.0,3.0,68.0,0.20588235294117646,0.04411764705882353
00-0038393,D.Wicks,14.0,4.0,82.0,0.17073170731707318,0.04878048780487805
00-0039901,K.Coleman,14.0,5.0,68.0,0.20588235294117646,0.07352941176470588
00-0038997,J.Downs,14.0,2.0,108.0,0.12962962962962962,0.018518518518518517
00-0036252,M.Pittman,14.0,2.0,112.0,0.125,0.017857142857142856
00-0039342,X.Legette,13.0,3.0,91.0,0.14285714285714285,0.03296703296703297
00-0036970,K.Pitts,13.0,1.0,74.0,0.17567567567567569,0.013513513513513514
00-0033908,C.Kupp,13.0,2.0,110.0,0.11818181818181818,0.01818181818181818
00-0037617,H.Haskins,13.0,8.0,39.0,0.3333333333333333,0.20512820512820512
00-0037666,J.Tolbert,13.0,4.0,79.0,0.16455696202531644,0.05063291139240506
00-0037240,J.Williams,13.0,4.0,107.0,0.12149532710280374,0.037383177570093455
00-0038544,Q.Johnston,12.0,2.0,99.0,0.12121212121212122,0.020202020202020204
00-0036290,C.Kmet,12.0,6.0,59.0,0.2033898305084746,0.1016949152542373
00-0035216,Di.Johnson,12.0,5.0,70.0,0.17142857142857143,0.07142857142857142
00-0033589,D.Moore,12.0,3.0,58.0,0.20689655172413793,0.05172413793103448
00-0033948,Ja.Williams,12.0,2.0,60.0,0.2,0.03333333333333333
00-0039794,B.Allen,12.0,2.0,119.0,0.10084033613445378,0.01680672268907563
00-0037816,R.Doubs,12.0,2.0,75.0,0.16,0.02666666666666667
00-0038685,C.Brooks,12.0,1.0,52.0,0.23076923076923078,0.019230769230769232
00-0039325,C.Steele,12.0,4.0,67.0,0.1791044776119403,0.05970149253731343
00-0034521,A.Lazard,12.0,2.0,60.0,0.2,0.03333333333333333
00-0033106,J.Goff,11.0,2.0,37.0,0.2972972972972973,0.05405405405405406
00-0033280,C.McCaffrey,11.0,1.0,69.0,0.15942028985507245,0.014492753623188406
00-0035208,O.Zaccheaus,11.0,2.0,76.0,0.14473684210526316,0.02631578947368421
00-0035250,D.Singletary,11.0,5.0,137.0,0.08029197080291971,0.0364963503649635
00-0038611,C.Rodriguez,11.0,2.0,36.0,0.3055555555555556,0.05555555555555555
00-0033357,T.Hill,11.0,2.0,70.0,0.15714285714285714,0.02857142857142857
00-0036906,K.Herbert,11.0,5.0,48.0,0.22916666666666666,0.10416666666666667
00-0035243,M.Sanders,11.0,2.0,85.0,0.12941176470588237,0.023529411764705882
00-0037267,J.Ford,11.0,3.0,147.0,0.07482993197278912,0.02040816326530612
00-0033854,D.Ogunbowale,11.0,3.0,61.0,0.18032786885245902,0.04918032786885246
00-0034351,D.Goedert,11.0,1.0,74.0,0.14864864864864866,0.013513513513513514
00-0039373,A.Estime,11.0,2.0,81.0,0.13580246913580246,0.024691358024691357
00-0032385,S.Shepard,11.0,3.0,60.0,0.18333333333333332,0.05
00-0033110,T.Higbee,11.0,3.0,27.0,0.4074074074074074,0.1111111111111111
00-0036550,R.Bateman,11.0,2.0,79.0,0.13924050632911392,0.02531645569620253
00-0039918,C.Williams,11.0,1.0,81.0,0.13580246913580246,0.012345679012345678
00-0036264,J.Love,11.0,2.0,27.0,0.4074074074074074,0.07407407407407407
00-0026498,M.Stafford,10.0,1.0,34.0,0.29411764705882354,0.029411764705882353
00-0039915,L.McConkey,10.0,1.0,127.0,0.07874015748031496,0.007874015748031496
00-0036244,C.Parkinson,10.0,4.0,53.0,0.18867924528301888,0.07547169811320754
00-0038977,T.Dell,10.0,1.0,90.0,0.1111111111111111,0.011111111111111112
00-0035500,G.Dortch,10.0,2.0,55.0,0.18181818181818182,0.03636363636363636
00-0029263,R.Wilson,10.0,3.0,46.0,0.21739130434782608,0.06521739130434782
00-0039064,Z.Flowers,10.0,1.0,126.0,0.07936507936507936,0.007936507936507936
00-0036196,G.Davis,10.0,4.0,42.0,0.23809523809523808,0.09523809523809523
00-0036182,N.Westbrook-Ikhine,10.0,3.0,60.0,0.16666666666666666,0.05
00-0035628,D.Johnson,10.0,1.0,51.0,0.19607843137254902,0.0196078431372549
00-0035640,D.Metcalf,10.0,5.0,109.0,0.09174311926605505,0.045871559633027525
00-0034837,C.Ridley,10.0,3.0,128.0,0.078125,0.0234375
00-0034855,B.Mayfield,10.0,2.0,67.0,0.14925373134328357,0.029850746268656716
00-0037261,K.Shakir,10.0,1.0,122.0,0.08196721311475409,0.00819672131147541
00-0036637,N.Gray,10.0,2.0,54.0,0.18518518518518517,0.037037037037037035
00-0034829,M.Gesicki,10.0,3.0,83.0,0.12048192771084337,0.03614457831325301
00-0034270,T.Conklin,10.0,6.0,74.0,0.13513513513513514,0.08108108108108109
00-0038619,A.Iosivas,10.0,5.0,61.0,0.16393442622950818,0.08196721311475409
00-0038933,D.Kincaid,10.0,0.0,84.0,0.11904761904761904,0.0
00-0032211,T.Lockett,10.0,3.0,74.0,0.13513513513513514,0.04054054054054054
00-0036427,T.Johnson,10.0,2.0,41.0,0.24390243902439024,0.04878048780487805
00-0038124,C.Watson,10.0,3.0,58.0,0.1724137931034483,0.05172413793103448
00-0039163,C.Stroud,10.0,2.0,65.0,0.15384615384615385,0.03076923076923077
00-0033375,T.Patrick,10.0,4.0,49.0,0.20408163265306123,0.08163265306122448
00-0039150,B.Young,10.0,3.0,43.0,0.23255813953488372,0.06976744186046512
00-0033282,C.Samuel,9.0,3.0,60.0,0.15,0.05
00-0036924,M.Carter,9.0,3.0,46.0,0.1956521739130435,0.06521739130434782
00-0039855,J.McMillan,9.0,1.0,66.0,0.13636363636363635,0.015151515151515152
00-0037614,J.Metchie,9.0,2.0,47.0,0.19148936170212766,0.0425531914893617
00-0036988,J.Palmer,9.0,3.0,67.0,0.13432835820895522,0.04477611940298507
00-0038606,P.Washington,9.0,3.0,53.0,0.16981132075471697,0.05660377358490566
00-0035229,T.Hockenson,9.0,1.0,67.0,0.13432835820895522,0.014925373134328358
00-0032392,A.Hooper,9.0,1.0,59.0,0.15254237288135594,0.01694915254237288
00-0039916,R.Pearsall,9.0,2.0,50.0,0.18,0.04
00-0037291,J.Nailor,9.0,4.0,50.0,0.18,0.08
00-0034981,F.Moreau,9.0,2.0,43.0,0.20930232558139536,0.046511627906976744
00-0031236,B.Cooks,9.0,5.0,57.0,0.15789473684210525,0.08771929824561403
00-0039890,A.Mitchell,9.0,0.0,59.0,0.15254237288135594,0.0
00-0039868,T.Franklin,8.0,1.0,58.0,0.13793103448275862,0.017241379310344827
00-0036040,J.Johnson,8.0,3.0,68.0,0.11764705882352941,0.04411764705882353
00-0037120,T.Goodson,8.0,2.0,47.0,0.1702127659574468,0.0425531914893617
00-0036415,V.Jefferson,8.0,2.0,42.0,0.19047619047619047,0.047619047619047616
00-0039738,B.Corum,8.0,5.0,66.0,0.12121212121212122,0.07575757575757576
00-0036355,J.Herbert,8.0,4.0,70.0,0.11428571428571428,0.05714285714285714
00-0035535,D.Slayton,8.0,1.0,74.0,0.10810810810810811,0.013513513513513514
00-0034159,W.Dissly,8.0,1.0,69.0,0.11594202898550725,0.014492753623188406
00-0033009,T.Boyd,8.0,4.0,59.0,0.13559322033898305,0.06779661016949153
00-0037801,K.Turpin,8.0,2.0,68.0,0.11764705882352941,0.029411764705882353
00-0038559,Mi.Wilson,8.0,1.0,72.0,0.1111111111111111,0.013888888888888888
00-0038563,T.Tucker,8.0,1.0,90.0,0.08888888888888889,0.011111111111111112
00-0034383,D.Schultz,8.0,0.0,93.0,0.08602150537634409,0.0
00-0030035,A.Thielen,8.0,0.0,62.0,0.12903225806451613,0.0
00-0030565,G.Smith,8.0,3.0,53.0,0.1509433962264151,0.05660377358490566
00-0035140,M.Hardman,8.0,1.0,19.0,0.42105263157894735,0.05263157894736842
00-0038396,E.Gray,8.0,3.0,25.0,0.32,0.12
00-0036527,D.Turner,7.0,0.0,34.0,0.20588235294117646,0.0
00-0038040,Z.White,7.0,2.0,73.0,0.0958904109589041,0.0273972602739726
00-0036626,D.Brown,7.0,1.0,61.0,0.11475409836065574,0.01639344262295082
00-0036980,E.Moore,7.0,1.0,103.0,0.06796116504854369,0.009708737864077669
00-0037545,R.Shaheed,7.0,1.0,47.0,0.14893617021276595,0.02127659574468085
00-0039424,D.Vele,7.0,1.0,57.0,0.12280701754385964,0.017543859649122806
00-0033217,M.Alie-Cox,7.0,1.0,23.0,0.30434782608695654,0.043478260869565216
00-0034407,R.McCloud,7.0,0.0,97.0,0.07216494845360824,0.0
00-0034364,J.Akins,7.0,0.0,58.0,0.1206896551724138,0.0
00-0039491,J.Coker,7.0,2.0,46.0,0.15217391304347827,0.043478260869565216
00-0033921,C.Godwin,7.0,3.0,63.0,0.1111111111111111,0.047619047619047616
00-0033881,E.Engram,7.0,3.0,67.0,0.1044776119402985,0.04477611940298507
00-0033869,M.Trubisky,7.0,0.0,20.0,0.35,0.0
00-0033555,M.Hollins,7.0,2.0,58.0,0.1206896551724138,0.034482758620689655
00-0039152,W.Levis,7.0,0.0,45.0,0.15555555555555556,0.0
00-0039793,A.Barner,7.0,3.0,38.0,0.18421052631578946,0.07894736842105263
00-0034869,S.Darnold,7.0,2.0,71.0,0.09859154929577464,0.028169014084507043
00-0035689,D.Knox,7.0,0.0,39.0,0.1794871794871795,0.0
00-0038979,C.Tillman,7.0,3.0,52.0,0.1346153846153846,0.057692307692307696
00-0039907,J.Polk,6.0,3.0,35.0,0.17142857142857143,0.08571428571428572
00-0036442,J.Burrow,6.0,3.0,42.0,0.14285714285714285,0.07142857142857142
00-0038621,D.Douglas,6.0,2.0,90.0,0.06666666666666667,0.022222222222222223
00-0039356,J.Sanders,6.0,2.0,43.0,0.13953488372093023,0.046511627906976744
00-0037509,S.McCormick,6.0,2.0,46.0,0.13043478260869565,0.043478260869565216
00-0034386,Ju.Watson,6.0,2.0,34.0,0.17647058823529413,0.058823529411764705
00-0037664,A.Pierce,6.0,2.0,69.0,0.08695652173913043,0.028985507246376812
00-0036876,K.Granson,6.0,0.0,31.0,0.1935483870967742,0.0
00-0037809,C.Okonkwo,6.0,2.0,72.0,0.08333333333333333,0.027777777777777776
00-0031595,M.Burton,6.0,5.0,17.0,0.35294117647058826,0.29411764705882354
00-0031544,A.Cooper,6.0,0.0,93.0,0.06451612903225806,0.0
00-0039874,J.Wright,6.0,0.0,74.0,0.08108108108108109,0.0
00-0033857,J.Smith-Schuster,6.0,1.0,32.0,0.1875,0.03125
00-0039746,W.Shipley,6.0,1.0,38.0,0.15789473684210525,0.02631578947368421
00-0033526,S.Perine,6.0,2.0,59.0,0.1016949152542373,0.03389830508474576
00-0031588,S.Diggs,6.0,1.0,67.0,0.08955223880597014,0.014925373134328358
00-0039798,I.Davis,6.0,1.0,42.0,0.14285714285714285,0.023809523809523808
00-0037239,C.Olave,6.0,1.0,45.0,0.13333333333333333,0.022222222222222223
00-0038041,J.Ferguson,6.0,1.0,86.0,0.06976744186046512,0.011627906976744186
00-0037276,T.Chandler,6.0,0.0,62.0,0.0967741935483871,0.0
00-0038935,B.Strange,6.0,2.0,53.0,0.11320754716981132,0.03773584905660377
00-0036309,D.Mooney,6.0,2.0,106.0,0.05660377358490566,0.018867924528301886
00-0038976,M.Mims,6.0,2.0,72.0,0.08333333333333333,0.027777777777777776
00-0039066,M.Mayer,6.0,0.0,32.0,0.1875,0.0
00-0035406,L.Humphrey,6.0,2.0,45.0,0.13333333333333333,0.044444444444444446
00-0036261,B.Aiyuk,6.0,1.0,47.0,0.1276595744680851,0.02127659574468085
00-0039074,D.Allen,6.0,1.0,15.0,0.4,0.06666666666666667
00-0035341,T.Irwin,6.0,3.0,10.0,0.6,0.3
00-0038720,J.Hill,6.0,1.0,20.0,0.3,0.05
00-0038951,S.Tucker,5.0,3.0,62.0,0.08064516129032258,0.04838709677419355
00-0036754,B.Wright,5.0,2.0,16.0,0.3125,0.125
00-0036849,T.Atwell,5.0,1.0,66.0,0.07575757575757576,0.015151515151515152
00-0039391,K.Vidal,5.0,0.0,52.0,0.09615384615384616,0.0
00-0037837,C.Austin,5.0,1.0,60.0,0.08333333333333333,0.016666666666666666
00-0037258,D.Pierce,5.0,0.0,51.0,0.09803921568627451,0.0
00-0035644,N.Fant,5.0,1.0,64.0,0.078125,0.015625
00-0032394,N.Vannett,5.0,2.0,20.0,0.25,0.1
00-0039851,D.Maye,5.0,1.0,54.0,0.09259259259259259,0.018518518518518517
00-0033662,C.Rush,5.0,0.0,26.0,0.19230769230769232,0.0
00-0036422,A.Trautman,5.0,0.0,23.0,0.21739130434782608,0.0
00-0033537,D.Watson,5.0,2.0,31.0,0.16129032258064516,0.06451612903225806
00-0033246,J.Mundt,5.0,2.0,30.0,0.16666666666666666,0.06666666666666667
00-0038589,J.Whyle,5.0,1.0,38.0,0.13157894736842105,0.02631578947368421
00-0038128,M.Willis,5.0,3.0,20.0,0.25,0.15
00-0029892,K.Juszczyk,5.0,2.0,36.0,0.1388888888888889,0.05555555555555555
00-0038608,K.Boutte,5.0,3.0,69.0,0.07246376811594203,0.043478260869565216
00-0039344,J.Brooks,5.0,1.0,12.0,0.4166666666666667,0.08333333333333333
00-0034613,T.Hudson,5.0,3.0,25.0,0.2,0.12
00-0034775,C.Kirk,5.0,2.0,47.0,0.10638297872340426,0.0425531914893617
00-0031235,O.Beckham,4.0,1.0,18.0,0.2222222222222222,0.05555555555555555
00-0035662,M.Brown,4.0,0.0,28.0,0.14285714285714285,0.0
00-0033591,N.Brown,4.0,0.0,56.0,0.07142857142857142,0.0
00-0038636,K.McIntosh,4.0,0.0,35.0,0.11428571428571428,0.0
00-0033576,E.Saubert,4.0,1.0,14.0,0.2857142857142857,0.07142857142857142
00-0037557,R.Rivers,4.0,0.0,31.0,0.12903225806451613,0.0
00-0039920,M.Corley,4.0,0.0,8.0,0.5,0.0
00-0034860,D.Pettis,4.0,2.0,29.0,0.13793103448275862,0.06896551724137931
00-0030578,C.Patterson,4.0,2.0,47.0,0.0851063829787234,0.0425531914893617
00-0039810,J.Burton,4.0,0.0,14.0,0.2857142857142857,0.0
00-0030431,R.Woods,4.0,1.0,34.0,0.11764705882352941,0.029411764705882353
00-0034771,M.Rudolph,4.0,0.0,25.0,0.16,0.0
00-0036971,T.Lawrence,4.0,3.0,26.0,0.15384615384615385,0.11538461538461539
00-0039355,L.McCaffrey,4.0,1.0,26.0,0.15384615384615385,0.038461538461538464
00-0037005,T.Tremble,4.0,1.0,32.0,0.125,0.03125
00-0037594,J.Chestnut,4.0,1.0,25.0,0.16,0.04
00-0038705,E.Demercado,4.0,0.0,44.0,0.09090909090909091,0.0
00-0038573,D.Davis,4.0,0.0,31.0,0.12903225806451613,0.0
00-0038783,N.Adkins,4.0,1.0,15.0,0.26666666666666666,0.06666666666666667
00-0031280,D.Carr,4.0,3.0,17.0,0.23529411764705882,0.17647058823529413
00-0038640,J.Brooks,4.0,1.0,30.0,0.13333333333333333,0.03333333333333333
00-0033119,J.Brissett,3.0,1.0,15.0,0.2,0.06666666666666667
00-0035631,D.Sample,3.0,2.0,23.0,0.13043478260869565,0.08695652173913043
00-0039796,R.Ali,3.0,0.0,12.0,0.25,0.0
00-0031941,J.Crowder,3.0,0.0,18.0,0.16666666666666666,0.0
00-0036183,K.Wilkerson,3.0,0.0,3.0,1.0,0.0
00-0032464,K.Raymond,3.0,0.0,27.0,0.1111111111111111,0.0
00-0029604,K.Cousins,3.0,0.0,23.0,0.13043478260869565,0.0
00-0038824,R.Miller,3.0,1.0,20.0,0.15,0.05
00-0039041,E.Higgins,3.0,1.0,24.0,0.125,0.041666666666666664
00-0039880,M.Washington,3.0,0.0,41.0,0.07317073170731707,0.0
00-0031763,D.Carter,3.0,0.0,14.0,0.21428571428571427,0.0
00-0035993,T.Huntley,3.0,1.0,26.0,0.11538461538461539,0.038461538461538464
00-0037292,A.Ogletree,3.0,0.0,14.0,0.21428571428571427,0.0
00-0037300,M.Woods,3.0,0.0,17.0,0.17647058823529413,0.0
00-0037741,J.Dotson,3.0,0.0,39.0,0.07692307692307693,0.0
00-0037805,J.Ruckert,3.0,0.0,28.0,0.10714285714285714,0.0
00-0031503,J.Winston,3.0,1.0,25.0,0.12,0.04
00-0039236,J.Wilson,3.0,1.0,16.0,0.1875,0.0625
00-0036345,K.Osborn,3.0,0.0,18.0,0.16666666666666666,0.0
00-0036628,J.Bates,3.0,2.0,18.0,0.16666666666666666,0.1111111111111111
00-0033949,J.Dobbs,3.0,1.0,9.0,0.3333333333333333,0.1111111111111111
00-0036898,D.Mills,3.0,0.0,3.0,1.0,0.0
00-0038551,K.Miller,3.0,0.0,47.0,0.06382978723404255,0.0
00-0039398,J.Milton,3.0,2.0,10.0,0.3,0.2
00-0039365,J.Cowing,3.0,1.0,7.0,0.42857142857142855,0.14285714285714285
00-0036670,J.Jefferson,3.0,1.0,7.0,0.42857142857142855,0.14285714285714285
00-0039359,C.Stover,3.0,0.0,26.0,0.11538461538461539,0.0
00-0038738,H.Luepke,3.0,1.0,28.0,0.10714285714285714,0.03571428571428571
00-0038618,X.Hutchinson,3.0,1.0,33.0,0.09090909090909091,0.030303030303030304
00-0034798,D.Smythe,3.0,2.0,17.0,0.17647058823529413,0.11764705882352941
00-0034830,H.Hurst,3.0,2.0,13.0,0.23076923076923078,0.15384615384615385
00-0038622,D.Vaughn,3.0,1.0,22.0,0.13636363636363635,0.045454545454545456
00-0035249,J.Oliver,3.0,2.0,29.0,0.10344827586206896,0.06896551724137931
00-0035125,A.Ingold,3.0,1.0,22.0,0.13636363636363635,0.045454545454545456
00-0033943,J.Reynolds,3.0,0.0,24.0,0.125,0.0
00-0039921,T.Benson,3.0,1.0,69.0,0.043478260869565216,0.014492753623188406
00-0036928,K.Trask,3.0,0.0,5.0,0.6,0.0
00-0036331,D.Duvernay,3.0,0.0,20.0,0.15,0.0
00-0038752,J.Bobo,3.0,2.0,18.0,0.16666666666666666,0.1111111111111111
00-0038465,M.Heath,3.0,2.0,17.0,0.17647058823529413,0.11764705882352941
00-0037012,T.Lance,3.0,1.0,11.0,0.2727272727272727,0.09090909090909091
00-0033536,M.Williams,3.0,0.0,37.0,0.08108108108108109,0.0
00-0039617,J.Kibodi,2.0,0.0,8.0,0.25,0.0
00-0038710,B.Whiteheart,2.0,1.0,9.0,0.2222222222222222,0.1111111111111111
00-0039751,J.Whittington,2.0,0.0,31.0,0.06451612903225806,0.0
00-0038678,J.Mims,2.0,0.0,38.0,0.05263157894736842,0.0
00-0039917,M.Penix,2.0,2.0,7.0,0.2857142857142857,0.2857142857142857
00-0039052,T.Palmer,2.0,0.0,22.0,0.09090909090909091,0.0
00-0038496,X.Gipson,2.0,2.0,12.0,0.16666666666666666,0.16666666666666666
00-0039050,P.Durham,2.0,1.0,14.0,0.14285714285714285,0.07142857142857142
00-0038102,K.Pickett,2.0,2.0,14.0,0.14285714285714285,0.14285714285714285
00-0038498,E.Jenkins,2.0,0.0,2.0,1.0,0.0
00-0038583,D.Thompson-Robinson,2.0,0.0,21.0,0.09523809523809523,0.0
00-0039631,C.Grandy,2.0,0.0,5.0,0.4,0.0
00-0038579,A.O'Connell,2.0,1.0,21.0,0.09523809523809523,0.047619047619047616
00-0038821,R.Jarrett,2.0,0.0,11.0,0.18181818181818182,0.0
00-0039067,R.Rice,2.0,0.0,30.0,0.06666666666666667,0.0
00-0039814,E.All,2.0,0.0,22.0,0.09090909090909091,0.0
00-0038558,D.Washington,2.0,2.0,28.0,0.07142857142857142,0.07142857142857142
00-0038809,B.Sims,2.0,0.0,5.0,0.4,0.0
00-0039754,D.Culp,2.0,0.0,6.0,0.3333333333333333,0.0
00-0039530,B.Spann-Ford,2.0,0.0,14.0,0.14285714285714285,0.0
00-0039757,T.Jennings,2.0,0.0,14.0,0.14285714285714285,0.0
00-0023459,A.Rodgers,2.0,0.0,22.0,0.09090909090909091,0.0
00-0037132,B.Covey,2.0,0.0,8.0,0.25,0.0
00-0032950,C.Wentz,2.0,0.0,3.0,0.6666666666666666,0.0
00-0034115,J.Wilson,2.0,0.0,19.0,0.10526315789473684,0.0
00-0033376,P.Ricard,2.0,1.0,5.0,0.4,0.2
00-0034208,M.Boone,2.0,0.0,16.0,0.125,0.0
00-0035704,D.Lock,2.0,1.0,18.0,0.1111111111111111,0.05555555555555555
00-0032268,M.Mariota,2.0,1.0,20.0,0.1,0.05
00-0036212,T.Tagovailoa,2.0,0.0,17.0,0.11764705882352941,0.0
00-0031549,N.Agholor,2.0,0.0,31.0,0.06451612903225806,0.0
00-0036425,D.Dallas,2.0,1.0,12.0,0.16666666666666666,0.08333333333333333
00-0035567,C.Reynolds,2.0,0.0,36.0,0.05555555555555555,0.0
00-0037304,Co.Heyward,2.0,1.0,9.0,0.2222222222222222,0.1111111111111111
00-0037086,G.Calcaterra,2.0,1.0,31.0,0.06451612903225806,0.03225806451612903
00-0034777,D.Chark,2.0,0.0,14.0,0.14285714285714285,0.0
00-0035289,G.Minshew,2.0,0.0,19.0,0.10526315789473684,0.0
00-0036096,J.Taylor,2.0,0.0,13.0,0.15384615384615385,0.0
00-0034272,M.Valdes-Scantling,2.0,1.0,45.0,0.044444444444444446,0.022222222222222223
00-0033077,D.Prescott,2.0,2.0,13.0,0.15384615384615385,0.15384615384615385
00-0035021,A.Dulin,2.0,1.0,13.0,0.15384615384615385,0.07692307692307693
00-0036646,S.Fehoko,2.0,0.0,16.0,0.125,0.0
00-0036972,M.Jones,2.0,2.0,28.0,0.07142857142857142,0.07142857142857142
00-0033307,K.Bourne,2.0,1.0,39.0,0.05128205128205128,0.02564102564102564
00-0032688,R.Chosen,2.0,0.0,4.0,0.5,0.0
00-0037091,B.Melton,2.0,0.0,28.0,0.07142857142857142,0.0
00-0037487,D.Thompkins,2.0,0.0,6.0,0.3333333333333333,0.0
00-0036332,J.Deguara,2.0,0.0,3.0,0.6666666666666666,0.0
00-0034854,K.Hodge,2.0,0.0,12.0,0.16666666666666666,0.0
00-0026158,J.Flacco,2.0,0.0,9.0,0.2222222222222222,0.0
00-0033895,G.Everett,2.0,0.0,13.0,0.15384615384615385,0.0
00-0037569,P.Hendershot,1.0,0.0,5.0,0.2,0.0
00-0038647,R.Bell,1.0,0.0,6.0,0.16666666666666666,0.0
00-0039623,M.Tipton,1.0,0.0,26.0,0.038461538461538464,0.0
00-0039650,B.Oliver,1.0,0.0,9.0,0.1111111111111111,0.0
00-0036510,K.Yeboah,1.0,0.0,8.0,0.125,0.0
00-0036387,J.Reagor,1.0,0.0,15.0,0.06666666666666667,0.0
00-0036630,T.Wallace,1.0,0.0,15.0,0.06666666666666667,0.0
00-0038582,C.Tune,1.0,0.0,7.0,0.14285714285714285,0.0
00-0033863,D.Skipper,1.0,0.0,1.0,1.0,0.0
00-0039747,A.Smith,1.0,0.0,11.0,0.09090909090909091,0.0
00-0036590,Q.Morris,1.0,1.0,8.0,0.125,0.125
00-0036187,R.Gilliam,1.0,1.0,3.0,0.3333333333333333,0.3333333333333333
00-0039589,K.Johnson,1.0,1.0,3.0,0.3333333333333333,0.3333333333333333
00-0035311,M.Gaskin,1.0,0.0,4.0,0.25,0.0
00-0034646,B.Powell,1.0,0.0,10.0,0.1,0.0
00-0034571,T.Scott,1.0,1.0,1.0,1.0,1.0
00-0034487,T.Sherfield,1.0,0.0,12.0,0.08333333333333333,0.0
00-0034419,B.Berrios,1.0,0.0,4.0,0.25,0.0
00-0034418,C.Wilson,1.0,0.0,27.0,0.037037037037037035,0.0
00-0034365,I.Thomas,1.0,0.0,6.0,0.16666666666666666,0.0
00-0039144,L.Musgrave,1.0,0.0,10.0,0.1,0.0
00-0035298,S.Miller,1.0,0.0,9.0,0.1111111111111111,0.0
00-0035547,J.Fortson,1.0,0.0,3.0,0.3333333333333333,0.0
00-0039573,B.Watson,1.0,0.0,6.0,0.16666666666666666,0.0
00-0039062,J.Mingo,1.0,0.0,44.0,0.022727272727272728,0.0
00-0035602,A.Bachman,1.0,1.0,4.0,0.25,0.25
00-0035639,P.Campbell,1.0,1.0,8.0,0.125,0.125
00-0035806,J.Hasty,1.0,0.0,32.0,0.03125,0.0
00-0039386,B.Means,1.0,0.0,15.0,0.06666666666666667,0.0
00-0038981,W.Morris,1.0,1.0,1.0,1.0,1.0
00-0034054,R.Cracraft,1.0,0.0,9.0,0.1111111111111111,0.0
00-0039543,R.Keyton,1.0,0.0,3.0,0.3333333333333333,0.0
00-0033439,P.Brown,1.0,1.0,12.0,0.08333333333333333,0.08333333333333333
00-0036640,Z.Davidson,1.0,0.0,2.0,0.5,0.0
00-0034834,S.Hubbard,1.0,1.0,1.0,1.0,1.0
00-0038104,T.Thornton,1.0,0.0,8.0,0.125,0.0
00-0037348,T.Conner,1.0,0.0,4.0,0.25,0.0
00-0039912,B.Sinnott,1.0,1.0,6.0,0.16666666666666666,0.16666666666666666
00-0037085,T.Badie,1.0,0.0,16.0,0.0625,0.0
00-0032128,C.Conley,1.0,1.0,12.0,0.08333333333333333,0.08333333333333333
00-0039847,T.Johnson,1.0,1.0,43.0,0.023255813953488372,0.023255813953488372
00-0036887,L.Farrell,1.0,0.0,17.0,0.058823529411764705,0.0
00-0037252,G.Dulcich,1.0,0.0,12.0,0.08333333333333333,0.0
00-0031484,C.Manhertz,1.0,1.0,4.0,0.25,0.25
00-0037287,V.Lowe,1.0,1.0,1.0,1.0,1.0
00-0037156,I.Charles,1.0,1.0,1.0,1.0,1.0
00-0031585,M.Pruitt,1.0,1.0,10.0,0.1,0.1
00-0038122,D.Ridder,1.0,0.0,9.0,0.1111111111111111,0.0
00-0032381,T.Decker,1.0,1.0,1.0,1.0,1.0
00-0037216,J.Ross,1.0,0.0,1.0,1.0,0.0
00-0037257,D.Bell,1.0,0.0,3.0,0.3333333333333333,0.0
00-0031690,E.Tomlinson,1.0,0.0,4.0,0.25,0.0
00-0038046,C.Kolar,1.0,1.0,12.0,0.08333333333333333,0.08333333333333333
00-0038489,B.VanSumeren,1.0,0.0,1.0,1.0,0.0
00-0037475,S.Smartt,1.0,0.0,19.0,0.05263157894736842,0.0
00-0037609,A.Shampklin,1.0,1.0,6.0,0.16666666666666666,0.16666666666666666
00-0038550,H.Hooker,1.0,0.0,5.0,0.2,0.0
00-0026300,J.Johnson,1.0,0.0,4.0,0.25,0.0
00-0038547,L.Schoonmaker,1.0,0.0,36.0,0.027777777777777776,0.0
00-0037654,T.Fisk,1.0,1.0,9.0,0.1111111111111111,0.1111111111111111
00-0038115,D.Bellinger,1.0,0.0,17.0,0.058823529411764705,0.0
00-0037450,T.McAllister,1.0,0.0,2.0,0.5,0.0
00-0038476,T.DeVito,1.0,0.0,8.0,0.125,0.0
00-0037429,R.Blackshear,1.0,0.0,15.0,0.06666666666666667,0.0
00-0038098,P.Strong,1.0,0.0,48.0,0.020833333333333332,0.0
00-0028118,T.Taylor,1.0,0.0,3.0,0.3333333333333333,0.0
00-0032918,C.Ham,1.0,1.0,9.0,0.1111111111111111,0.1111111111111111
00-0034177,T.Boyle,0.0,0.0,3.0,0.0,0.0
00-0039392,J.Jackson,0.0,0.0,4.0,0.0,0.0
00-0031800,T.Heinicke,0.0,0.0,2.0,0.0,0.0
00-0031357,C.Goodwin,0.0,0.0,1.0,0.0,0.0
00-0039379,J.Thrash,0.0,0.0,7.0,0.0,0.0
00-0031428,A.Robinson,0.0,0.0,7.0,0.0,0.0
00-0039376,S.Rattler,0.0,0.0,18.0,0.0,0.0
00-0031345,J.Garoppolo,0.0,0.0,2.0,0.0,0.0
00-0031299,J.Matthews,0.0,0.0,1.0,0.0,0.0
00-0034353,A.Miller,0.0,0.0,5.0,0.0,0.0
00-0039364,S.Vaki,0.0,0.0,9.0,0.0,0.0
00-0027973,A.Dalton,0.0,0.0,11.0,0.0,0.0
00-0034488,T.Thomas,0.0,0.0,1.0,0.0,0.0
00-0039393,J.McClellan,0.0,0.0,13.0,0.0,0.0
00-0039792,D.Walker,0.0,0.0,3.0,0.0,0.0
00-0039394,Cas.Washington,0.0,0.0,2.0,0.0,0.0
00-0039824,J.Wiley,0.0,0.0,1.0,0.0,0.0
00-0033460,J.Ross,0.0,0.0,2.0,0.0,0.0
00-0033557,J.Reeves-Maybin,0.0,0.0,1.0,0.0,0.0
00-0033319,N.Mullens,0.0,0.0,3.0,0.0,0.0
00-0033292,T.Taylor,0.0,0.0,1.0,0.0,0.0
00-0039811,M.Lloyd,0.0,0.0,7.0,0.0,0.0
00-0039737,T.Reiman,0.0,0.0,7.0,0.0,0.0
00-0033891,Z.Jones,0.0,0.0,11.0,0.0,0.0
00-0039731,J.Latham,0.0,0.0,1.0,0.0,0.0
00-0039703,C.Schrader,0.0,0.0,2.0,0.0,0.0
00-0039692,D.Pettus,0.0,0.0,1.0,0.0,0.0
00-0039816,A.Gould,0.0,0.0,1.0,0.0,0.0
00-0039648,D.Martin-Robinson,0.0,0.0,2.0,0.0,0.0
00-0033893,D.Cook,0.0,0.0,9.0,0.0,0.0
00-0039825,J.Hicks,0.0,0.0,1.0,0.0,0.0
00-0034162,J.Scott,0.0,0.0,1.0,0.0,0.0
00-0039614,J.Jackson,0.0,0.0,1.0,0.0,0.0
00-0032434,B.Allen,0.0,0.0,3.0,0.0,0.0
00-0039613,D.Holker,0.0,0.0,4.0,0.0,0.0
00-0039611,M.Hayball,0.0,0.0,1.0,0.0,0.0
00-0039603,B.Brooks,0.0,0.0,1.0,0.0,0.0
00-0039853,J.Baker,0.0,0.0,4.0,0.0,0.0
00-0039521,X.Weaver,0.0,0.0,2.0,0.0,0.0
00-0034073,R.Dwelley,0.0,0.0,1.0,0.0,0.0
00-0039458,B.Bates,0.0,0.0,1.0,0.0,0.0
00-0032141,G.Swaim,0.0,0.0,1.0,0.0,0.0
00-0039420,J.Bell,0.0,0.0,3.0,0.0,0.0
00-0039410,R.Flournoy,0.0,0.0,14.0,0.0,0.0
00-0039407,D.Laube,0.0,0.0,1.0,0.0,0.0
00-0039451,I.Williams,0.0,0.0,3.0,0.0,0.0
00-0038998,J.Haener,0.0,0.0,11.0,0.0,0.0
00-0039316,B.Cupp,0.0,0.0,1.0,0.0,0.0
00-0038519,N.Remigio,0.0,0.0,6.0,0.0,0.0
00-0038394,W.Mallory,0.0,0.0,8.0,0.0,0.0
00-0038400,T.McKee,0.0,0.0,5.0,0.0,0.0
00-0038416,T.Bagent,0.0,0.0,6.0,0.0,0.0
00-0038454,K.Mitchell,0.0,0.0,16.0,0.0,0.0
00-0037077,S.Howell,0.0,0.0,1.0,0.0,0.0
00-0037004,H.Long,0.0,0.0,11.0,0.0,0.0
00-0036990,D.Deablo,0.0,0.0,1.0,0.0,0.0
00-0038507,G.DuBose,0.0,0.0,4.0,0.0,0.0
00-0036955,T.Marshall,0.0,0.0,6.0,0.0,0.0
00-0036556,B.Jordan,0.0,0.0,3.0,0.0,0.0
00-0024243,M.Lewis,0.0,0.0,1.0,0.0,0.0
00-0036877,J.Darden,0.0,0.0,1.0,0.0,0.0
00-0036862,B.Skowronek,0.0,0.0,5.0,0.0,0.0
00-0036841,A.Trammell,0.0,0.0,3.0,0.0,0.0
00-0036825,F.Franks,0.0,0.0,3.0,0.0,0.0
00-0036741,J.Stoll,0.0,0.0,3.0,0.0,0.0
00-0038576,C.Jones,0.0,0.0,1.0,0.0,0.0
00-0036727,A.Prentice,0.0,0.0,4.0,0.0,0.0
00-0038359,X.Smith,0.0,0.0,6.0,0.0,0.0
00-0037093,D.Young,0.0,0.0,1.0,0.0,0.0
00-0038123,D.Belton,0.0,0.0,1.0,0.0,0.0
00-0037207,M.Caliendo,0.0,0.0,1.0,0.0,0.0
00-0037539,L.Krull,0.0,0.0,24.0,0.0,0.0
00-0037524,T.Martin,0.0,0.0,2.0,0.0,0.0
00-0037422,K.Pryor,0.0,0.0,1.0,0.0,0.0
00-0037742,T.Burks,0.0,0.0,10.0,0.0,0.0
00-0037382,B.Johnson,0.0,0.0,1.0,0.0,0.0
00-0037745,V.Jones,0.0,0.0,4.0,0.0,0.0
00-0037327,S.Thompson,0.0,0.0,1.0,0.0,0.0
00-0037324,C.Oladokun,0.0,0.0,1.0,0.0,0.0
00-0037306,J.FitzPatrick,0.0,0.0,1.0,0.0,0.0
00-0037827,T.Davis-Price,0.0,0.0,3.0,0.0,0.0
00-0037284,M.Araiza,0.0,0.0,1.0,0.0,0.0
00-0037253,M.Jones,0.0,0.0,2.0,0.0,0.0
00-0037243,T.Smith,0.0,0.0,1.0,0.0,0.0
00-0038090,S.Moore,0.0,0.0,3.0,0.0,0.0
00-0038092,E.Ezukanma,0.0,0.0,2.0,0.0,0.0
00-0037231,K.Austin,0.0,0.0,23.0,0.0,0.0
00-0038108,B.Zappe,0.0,0.0,2.0,0.0,0.0
00-0036620,D.Eskridge,0.0,0.0,3.0,0.0,0.0
00-0038614,S.Matlock,0.0,0.0,5.0,0.0,0.0
00-0039299,G.Holani,0.0,0.0,4.0,0.0,0.0
00-0035594,T.Homer,0.0,0.0,9.0,0.0,0.0
00-0036133,J.Proche,0.0,0.0,3.0,0.0,0.0
00-0036037,S.Franklin,0.0,0.0,1.0,0.0,0.0
00-0035976,D.Chisena,0.0,0.0,4.0,0.0,0.0
00-0035924,J.Ward,0.0,0.0,5.0,0.0,0.0
00-0035891,C.White,0.0,0.0,3.0,0.0,0.0
00-0035860,T.Jones,0.0,0.0,4.0,0.0,0.0
00-0037578,J.Thomas,0.0,0.0,1.0,0.0,0.0
00-0035795,J.Pierre,0.0,0.0,1.0,0.0,0.0
00-0035544,T.Kennedy,0.0,0.0,1.0,0.0,0.0
00-0036534,S.Zylstra,0.0,0.0,1.0,0.0,0.0
00-0035280,J.Bailey,0.0,0.0,1.0,0.0,0.0
00-0035264,J.Stidham,0.0,0.0,4.0,0.0,0.0
00-0035100,J.Browning,0.0,0.0,2.0,0.0,0.0
00-0034974,J.Love,0.0,0.0,1.0,0.0,0.0
00-0034970,I.Smith,0.0,0.0,1.0,0.0,0.0
00-0034959,A.Beck,0.0,0.0,2.0,0.0,0.0
00-0034928,S.Sims,0.0,0.0,3.0,0.0,0.0
00-0039244,C.Collier,0.0,0.0,7.0,0.0,0.0
00-0038941,T.Scott,0.0,0.0,1.0,0.0,0.0
00-0038938,J.Hyatt,0.0,0.0,19.0,0.0,0.0
00-0036165,I.Hodgins,0.0,0.0,2.0,0.0,0.0
00-0036176,M.Kinsey,0.0,0.0,2.0,0.0,0.0
00-0036497,T.Jones,0.0,0.0,5.0,0.0,0.0
00-0036463,C.Blair,0.0,0.0,2.0,0.0,0.0
00-0036450,K.Vaughn,0.0,0.0,2.0,0.0,0.0
00-0036438,S.Sullivan,0.0,0.0,1.0,0.0,0.0
00-0038643,B.Willis,0.0,0.0,2.0,0.0,0.0
00-0036429,C.Woerner,0.0,0.0,12.0,0.0,0.0
00-0038679,T.Shavers,0.0,0.0,1.0,0.0,0.0
00-0036370,J.Kelley,0.0,0.0,1.0,0.0,0.0
00-0036360,C.Edwards-Helaire,0.0,0.0,18.0,0.0,0.0
00-0038728,J.Wayne,0.0,0.0,2.0,0.0,0.0
00-0036329,A.Davis,0.0,0.0,1.0,0.0,0.0
00-0036297,D.Evans,0.0,0.0,3.0,0.0,0.0
00-0036268,L.Shenault,0.0,0.0,6.0,0.0,0.0
00-0036254,C.Johnson,0.0,0.0,2.0,0.0,0.0
00-0036232,H.Bryant,0.0,0.0,12.0,0.0,0.0
00-0038840,B.Tremayne,0.0,0.0,1.0,0.0,0.0
00-0038920,J.Shenker,0.0,0.0,1.0,0.0,0.0
00-0036913,K.Toney,0.0,0.0,3.0,0.0,0.0
